區處別,系統代號,淨水場名稱,淨水場資訊,氟鹽(Fluoride),硝酸鹽氮(Nitrate),總溶解固體量(Total Dissolved Solids),糞便性大腸桿菌群(Fecal coliform),砷(Arsenic),自由有效餘氯(Free Chlorine Residual),濁度(Turbidity),色度(Color),臭度(Odor),總鹼度(Total Alkalinity),pH值(pH ),氯鹽(Chloride),硫酸鹽(Sulfate),氨氮(Ammonia),亞硝酸鹽氮(Nitrite),總硬度(Total Hardness),鐵(Iron),錳(Manganese),總菌落數(Total Bacterial Count),大腸桿菌群(Coliform Group),總三鹵甲烷(Total Trihalomethanes),鉛(Lead),硒(Selenium),汞(Mercury),鋅(Zinc),銀(Silver),銅(Copper),鉻(Chromium),鎳(Nickel),鎘(Cadmium),鋇(Barium),銻(Antimony),陰離子界面活性劑(Anionic Surfactants),靈丹(Lindane),安殺番(Endosulfan),巴拉刈(Paraquat),大利松(Diazinon),巴拉松(Parathion),一品松(EPN),氰鹽(Cyanate),酚(Phenols),達馬松(Methamidophos),丁基拉草(Butachlor),2，4-地(2，4-D),納乃得(Methomyl),滅必蝨(MIPC(Isoprocarb)),加保扶(Carbofuran),亞素靈(Monocrotophos),鋁(Aluminium),溴酸鹽(Bromate),三氯乙烯(Trichloroethene),四氯化碳(Carbon tetracholoride),1，1，1-三氯乙烷 (1，1，1-Trichloroethane),1，2-二氯乙烷(1，2-Dichloroethane),氯乙烯(Vinyl chloride),苯(Benzene),對-二氯苯(1，4-Dichlorobenzene),1，1-二氯乙烯(1，1-Dichloroethene),二氯甲烷(Dichloromethane),鄰-二氯苯(1，2-Dichlorbenzene),甲苯(Toluene),二甲苯(Xylene),順-1，2-二氯乙烯(cis-1，2-Dichloroethene),反-1，2-二氯乙烯(trans-1，2-Dichloroethene),四氯乙烯(Tetrachloroethene),鹵乙酸類(Haloacetic acids),水質合格否(Y/N)
,,,項次,1,2,3,4,5,6,7,8,9,10,11,12,13,14,15,16,17,18,19,20,21,22,23,24,25,26,27,28,29,30,31,32,33,34,35,36,37,38,39,40,41,42,43,44,45,46,47,48,49,50,51,52,53,54,55,56,57,58,59,60,61,62,63,64,65,66,
,,,飲用水水質標準,0.8,10,500,－－,0.01,0.2-1.0,2,5,3,－－,6.0-8.5,250,250,0.1,0.1,300,0.3,0.05,100,6,0.08,0.01,0.01,0.001,5,0.05,1,0.05,0.02,0.005,2,0.01,0.5,0.0002,0.003,0.01,0.005,0.02,0.005,0.05,0.001,0.02,0.02,0.07,0.01,0.02,0.02,0.003,0.2,0.01,0.005,0.005,0.2,0.005,0.0003,0.005,0.075,0.007,0.02,0.6,0.7,0.5,0.07,0.1,0.005,0.06,－－
,,,單位,mg/L,mg/L,mg/L,CFU/100mL,mg/L,mg/L,NTU,鉑鈷單位,初嗅數,mg/L,－－,mg/L,mg/L,mg/L,mg/L,mg/L,mg/L,mg/L,CFU/mL,CFU/100mL,mg/L,mg/L,mg/L,mg/L,mg/L,mg/L,mg/L,mg/L,mg/L,mg/L,mg/L,mg/L,mg/L,mg/L,mg/L,mg/L,mg/L,mg/L,mg/L,mg/L,mg/L,mg/L,mg/L,mg/L,mg/L,mg/L,mg/L,mg/L,mg/L,mg/L,mg/L,mg/L,mg/L,mg/L,mg/L,mg/L,mg/L,mg/L,mg/L,mg/L,mg/L,mg/L,mg/L,mg/L,mg/L,mg/L,－－
一區,0101,新山淨水場,新山淨水場(Sinshan)基隆市麥金路720號[0162030]{0101}<基隆市@Keelung City>,0.04,1.10,118,<1,0.00015,0.67,0.25,<5,<1,30.7,7.1,18.1,15.4,ND,ND,40.2,0.05,ND,<1,<1,0.0243,0.0004,<0.0001,ND,<0.01,<0.01,<0.01,<0.01,0.0003,<0.0001,0.0160,<0.0001,ND,ND,ND,ND,ND,ND,ND,ND,ND,ND,ND,ND,ND,ND,ND,ND,0.0897,ND,ND,ND,ND,ND,ND,ND,ND,ND,ND,ND,ND,ND,ND,ND,ND,0.0178,Y
一區,0101,暖暖淨水場,暖暖淨水場(Nuannuan)基隆市水源路38號[0162012]{0101}<基隆市@Keelung City>,0.03,0.83,88.5,<1,0.00020,0.72,0.25,<5,<1,19.9,6.9,15.4,10.3,ND,ND,29.2,0.04,ND,<1,<1,0.0257,ND,<0.0001,<0.0001,<0.01,<0.01,<0.01,<0.01,0.0003,ND,0.0298,<0.0001,ND,ND,ND,ND,ND,ND,ND,ND,ND,ND,ND,<0.0001,ND,ND,ND,ND,0.0881,ND,ND,ND,ND,ND,ND,ND,ND,ND,ND,ND,ND,ND,ND,ND,ND,0.0210,Y
一區,0101,員山淨水場,員山淨水場(Yuanshan)新北市瑞芳區員山路19-1號[0141019]{0101}<新北市@New Taipei City>,0.03,0.58,104,<1,0.00039,0.64,0.55,<5,<1,29.2,7.5,13.4,13.0,ND,ND,32.9,0.04,ND,<1,<1,0.0224,ND,0.0001,ND,<0.01,ND,<0.01,<0.01,0.0002,ND,0.0146,<0.0001,ND,ND,ND,ND,ND,ND,ND,ND,ND,ND,ND,ND,ND,ND,ND,ND,0.0963,ND,ND,ND,ND,ND,ND,ND,ND,ND,ND,ND,ND,ND,ND,ND,ND,0.0205,Y
一區,0104,坪林淨水場,坪林淨水場(Pinglin)新北市坪林區坪林里國中路3號[0146023]{0104}<新北市@New Taipei City>,0.03,0.59,54.6,－－,0.00014,0.61,0.35,<5,<1,15.9,7.4,7.60,6.27,ND,ND,18.7,0.07,ND,<1,<1,0.00354,ND,<0.0001,ND,<0.01,<0.01,<0.01,<0.01,<0.0001,ND,0.0141,ND,ND,ND,ND,ND,ND,ND,ND,ND,ND,ND,ND,ND,ND,ND,ND,ND,0.0592,ND,ND,ND,ND,ND,ND,ND,ND,ND,ND,ND,ND,ND,ND,ND,ND,0.00365,Y
一區,0106,林莊淨水場,林莊淨水場(Linjhuang)新北市金山區重合里林口28—2號[0145044]{0106}<新北市@New Taipei City>,0.02,0.77,84.0,－－,0.00059,0.52,0.45,<5,<1,22.7,7.7,8.94,8.14,ND,ND,28.4,0.08,ND,<1,<1,0.00126,<0.0001,ND,ND,<0.01,<0.01,<0.01,<0.01,<0.0001,ND,0.0023,ND,ND,ND,ND,ND,ND,ND,ND,ND,ND,ND,ND,ND,ND,ND,ND,ND,0.0939,ND,ND,ND,ND,ND,ND,ND,ND,ND,ND,ND,ND,ND,ND,ND,ND,0.00165,Y
一區,0105,老梅淨水場,老梅淨水場(Laomei)新北市石門區老梅里七股33之2號[0144056]{0105}<新北市@New Taipei City>,0.02,0.90,90.2,－－,0.00034,0.60,0.55,<5,<1,22.5,7.5,13.5,4.36,ND,ND,24.8,0.05,ND,<1,<1,0.0105,ND,0.0002,ND,<0.01,ND,<0.01,<0.01,0.0002,ND,0.0029,<0.0001,ND,ND,ND,ND,ND,ND,ND,ND,ND,ND,ND,ND,ND,ND,ND,ND,0.114,ND,ND,ND,ND,ND,ND,ND,ND,ND,ND,ND,ND,ND,ND,ND,ND,0.00669,Y
一區,0101,貢寮淨水場,貢寮淨水場(Gongliao)新北市貢寮區下雙溪街20號[0147011]{0101}<新北市@New Taipei City>,0.02,0.43,78.7,<1,0.00022,0.70,0.20,<5,<1,23.7,7.2,14.8,8.25,ND,ND,26.4,0.02,ND,<1,<1,0.0208,ND,0.0001,ND,<0.01,<0.01,<0.01,<0.01,0.0006,ND,0.0315,<0.0001,ND,ND,ND,ND,ND,ND,ND,ND,ND,ND,ND,ND,ND,ND,ND,ND,0.0538,ND,ND,ND,ND,ND,ND,ND,ND,ND,ND,ND,ND,ND,ND,ND,ND,0.00992,Y
二區,0201,平鎮淨水場,平鎮淨水場(Pingjen)桃園市平鎮區南豐路267號[0262022]{0201}<桃園市@Taoyuan County>,0.09,0.35,154,<1,0.00038,0.71,0.35,<5,<1,68.0,7.6,4.51,36.6,ND,ND,94.0,ND,ND,<1,<1,0.00741,0.0008,0.0003,<0.0001,<0.01,<0.01,<0.01,<0.01,0.0001,ND,0.0107,0.0002,ND,ND,ND,ND,ND,ND,ND,ND,ND,ND,ND,ND,ND,ND,ND,ND,0.111,ND,ND,ND,ND,ND,ND,ND,ND,ND,ND,ND,ND,ND,ND,ND,ND,0.00625,Y
二區,0201,大湳淨水場,大湳淨水場(Danan)桃園市桃園區國際路一段485巷101號[0263010]{0201}<桃園市@Taoyuan County>,0.11,0.54,165,<1,0.00035,0.70,0.30,<5,<1,72.5,7.6,8.30,34.8,ND,ND,97.0,ND,ND,<1,<1,0.0169,0.0040,ND,ND,<0.01,<0.01,<0.01,<0.01,0.0003,ND,0.0144,0.0002,ND,ND,ND,ND,ND,ND,ND,ND,ND,ND,ND,ND,ND,ND,ND,ND,0.125,ND,ND,ND,ND,ND,ND,ND,ND,ND,ND,ND,ND,ND,ND,ND,ND,0.0111,Y
二區,0201,石門淨水場,石門淨水場(Shihmen)桃園市平鎮區水廠路150號[0262013]{0201}<桃園市@Taoyuan County>,0.09,0.37,151,<1,0.00039,0.64,0.30,<5,<1,65.3,7.6,5.47,35.9,ND,ND,94.5,ND,ND,<1,<1,0.00968,0.0008,0.0003,<0.0001,<0.01,<0.01,<0.01,<0.01,0.0003,ND,0.0117,0.0002,ND,ND,ND,ND,ND,ND,ND,ND,ND,ND,ND,ND,ND,ND,ND,ND,0.0917,ND,ND,ND,ND,ND,ND,ND,ND,ND,ND,ND,ND,ND,ND,ND,ND,0.00685,Y
二區,0201,龍潭淨水場,龍潭淨水場(Longtan)桃園市龍潭區佳安村文化路209號[0261007]{0201}<桃園市@Taoyuan County>,0.09,0.74,142,<1,0.00009,0.74,0.30,<5,<1,63.2,7.7,4.62,32.8,ND,ND,89.6,ND,ND,<1,<1,0.0103,0.0027,0.0001,ND,<0.01,ND,<0.01,<0.01,ND,ND,0.0061,ND,ND,ND,ND,ND,ND,ND,ND,ND,ND,ND,ND,ND,ND,ND,ND,ND,0.114,ND,ND,ND,ND,ND,ND,ND,ND,ND,ND,ND,ND,ND,ND,ND,ND,0.00748,Y
二區,0206,復興淨水場,復興淨水場(Fusing)桃園市復興區中正路280號[0246024]{0206}<桃園市@Taoyuan County>,0.09,0.45,114,－－,0.00013,0.56,0.40,<5,<1,67.6,7.5,3.86,8.14,ND,ND,58.9,ND,ND,<1,<1,0.00943,0.0037,<0.0001,ND,<0.01,ND,<0.01,<0.01,<0.0001,ND,0.0065,ND,ND,ND,ND,ND,ND,ND,ND,ND,ND,ND,ND,ND,ND,ND,ND,ND,0.0563,ND,ND,ND,ND,ND,ND,ND,ND,ND,ND,ND,ND,ND,ND,ND,ND,0.00761,Y
三區,0301,新竹第一淨水場,新竹第一淨水場(Hsinchu First)新竹市博愛街1號[0361017]{0301}<新竹縣市@Hsinchu City>,0.13,1.10,263,<1,0.00020,0.65,0.25,<5,<1,120,7.8,12.1,44.8,ND,<0.01,155,0.02,ND,1,<1,0.00872,0.0005,ND,ND,<0.01,<0.01,<0.01,<0.01,0.0007,<0.0001,0.0215,0.0001,ND,ND,ND,ND,ND,ND,ND,ND,ND,ND,ND,ND,ND,ND,ND,ND,0.0798,ND,ND,ND,ND,ND,ND,ND,ND,ND,ND,ND,ND,ND,ND,ND,ND,0.00962,Y
三區,0301,新竹第二淨水場,新竹第二淨水場(Hsinchu Second)新竹市東美路91巷100號[0361044]{0301}<新竹縣市@Hsinchu City>,0.12,0.89,242,<1,0.00024,0.57,0.20,<5,<1,119,8.0,10.5,46.8,0.02,<0.01,150,0.03,ND,1,<1,0.0194,0.0006,ND,ND,<0.01,<0.01,<0.01,<0.01,0.0008,<0.0001,0.0209,0.0001,0.04,ND,ND,ND,ND,ND,ND,ND,ND,ND,ND,0.0001,ND,ND,ND,ND,0.0607,ND,ND,ND,ND,ND,ND,ND,ND,ND,ND,ND,ND,ND,ND,ND,ND,0.0141,Y
三區,0301,寶山淨水場,寶山淨水場(Baoshan)新竹縣竹東鎮柯湖里柯湖路三段305巷130號[0363011A3]{0301}<新竹縣市@Hsinchu City>,0.12,0.23,246,<1,0.00043,0.77,0.30,<5,<1,103,7.9,6.09,66.3,ND,<0.01,139,0.02,<0.001,<1,<1,0.0137,0.0005,ND,ND,<0.01,ND,ND,<0.01,0.0005,<0.0001,0.0180,0.0001,ND,ND,ND,ND,ND,ND,ND,ND,ND,ND,ND,ND,ND,ND,ND,ND,0.0954,ND,ND,ND,ND,ND,ND,ND,ND,ND,ND,ND,0.00004,ND,ND,ND,ND,0.0103,Y
三區,0301,湳雅淨水場,湳雅淨水場(Nanya)新竹市湳雅街313巷32弄28號[0343024]{0301}<新竹縣市@Hsinchu City>,0.12,1.39,300,<1,0.00035,0.60,0.55,<5,<1,127,7.6,17.9,52.0,ND,<0.01,170,0.03,0.006,1,<1,0.0142,0.0006,0.0012,ND,<0.01,<0.01,<0.01,<0.01,0.0009,<0.0001,0.0260,0.0001,0.07,<0.00001,ND,ND,ND,ND,ND,ND,ND,ND,ND,ND,ND,ND,ND,ND,0.0930,ND,ND,ND,ND,ND,ND,ND,ND,ND,ND,ND,0.00003,ND,ND,ND,ND,0.0111,Y
三區,0302,員崠淨水場,員崠淨水場(Yuntong)新竹縣竹東鎮員崠淨仔61號[0341011]{0302}<新竹縣市@Hsinchu City>,0.11,0.29,253,<1,0.00026,0.64,0.30,<5,<1,107,8.1,2.68,72.3,ND,<0.01,162,0.02,<0.001,3,<1,0.00477,0.0009,ND,0.0002,<0.01,ND,<0.01,<0.01,0.0004,<0.0001,0.0201,0.0001,0.05,ND,ND,ND,ND,ND,ND,ND,ND,ND,ND,ND,ND,ND,ND,ND,0.0220,ND,ND,ND,ND,ND,ND,ND,ND,ND,ND,ND,ND,ND,ND,ND,ND,0.00330,Y
三區,0308,桃山淨水場,桃山淨水場(Taoshan)新竹縣五峰鄉桃山村桃山1號[0341066]{0308}<新竹縣市@Hsinchu City>,0.08,2.92,170,－－,0.00028,0.55,0.20,<5,<1,106,8.3,3.62,15.6,ND,<0.01,118,<0.01,ND,1,<1,0.00454,0.0005,ND,0.0001,ND,ND,<0.01,<0.01,0.0002,<0.0001,0.0204,<0.0001,ND,ND,ND,ND,ND,ND,ND,ND,ND,ND,ND,ND,ND,ND,ND,ND,0.0146,ND,ND,ND,ND,ND,ND,ND,ND,ND,ND,ND,ND,ND,ND,ND,ND,0.00405,Y
三區,0309,內灣淨水場,內灣淨水場(Neiwan)新竹縣橫山鄉內灣村231之10號[0341075]{0309}<新竹縣市@Hsinchu City>,0.10,0.45,167,－－,0.00022,0.61,0.25,<5,<1,94.5,8.3,2.54,34.3,ND,<0.01,106,0.01,ND,1,<1,0.00470,0.0013,ND,ND,ND,ND,ND,<0.01,0.0002,<0.0001,0.0214,<0.0001,0.05,ND,ND,ND,ND,ND,ND,ND,ND,ND,ND,ND,ND,ND,ND,ND,0.0344,ND,ND,ND,ND,ND,ND,ND,ND,ND,ND,ND,ND,ND,ND,ND,ND,0.00405,Y
三區,0305,北埔淨水場,北埔淨水場(Nankeng)新竹縣北埔鄉大坪段外大坪小段160-1號[0341039]{0305}<新竹縣市@Hsinchu City>,0.09,0.41,142,－－,0.00023,0.74,0.25,<5,<1,85.4,8.1,3.12,36.8,ND,<0.01,89.8,0.01,<0.001,1,<1,0.00839,0.0004,ND,0.0001,ND,ND,<0.01,<0.01,0.0001,<0.0001,0.0200,ND,ND,ND,ND,ND,ND,ND,ND,ND,ND,ND,ND,<0.0001,ND,ND,ND,ND,0.0466,ND,ND,ND,ND,ND,ND,ND,ND,ND,ND,ND,ND,ND,ND,ND,ND,0.00600,Y
三區,0303,尖石淨水場,尖石淨水場(Jianshih)新竹縣尖石鄉新樂村水田69號[0341093]{0303}<新竹縣市@Hsinchu City>,0.08,0.50,84.8,－－,0.00019,0.54,0.20,<5,<1,56.1,8.0,2.00,9.23,ND,<0.01,54.9,<0.01,ND,1,<1,0.00321,0.0015,ND,ND,<0.01,ND,<0.01,<0.01,0.0002,<0.0001,0.0113,ND,0.05,ND,ND,ND,ND,ND,ND,ND,ND,ND,ND,ND,ND,ND,ND,ND,0.0158,ND,ND,ND,ND,ND,ND,ND,ND,ND,ND,ND,ND,ND,ND,ND,ND,0.00294,Y
三區,0323,芎林淨水場,芎林淨水場(Cyonglin)新竹縣芎林鄉石壁潭5鄰114號[0348038]{0323}<新竹縣市@Hsinchu City>,0.13,0.71,237,－－,0.00034,0.76,0.15,<5,<1,134,7.7,11.8,24.5,ND,<0.01,142,0.01,ND,<1,<1,0.00240,0.0009,ND,ND,<0.01,ND,<0.01,<0.01,0.0002,<0.0001,0.0258,<0.0001,0.05,ND,ND,ND,ND,ND,ND,ND,ND,ND,ND,ND,ND,ND,ND,ND,0.0157,ND,ND,ND,ND,ND,ND,ND,ND,0.00003,ND,ND,ND,ND,ND,ND,ND,0.00522,Y
三區,0304,梅花淨水場,梅花淨水場(Meihua)新竹縣尖石鄉梅花村59之2號[0341106]{0304}<新竹縣市@Hsinchu City>,0.08,0.78,123,－－,0.00016,0.70,0.25,<5,<1,56.5,8.1,3.16,25.8,ND,<0.01,73.6,<0.01,ND,1,<1,0.00579,0.0020,ND,ND,ND,ND,<0.01,<0.01,0.0003,<0.0001,0.0093,ND,ND,ND,ND,ND,ND,ND,ND,ND,ND,ND,ND,<0.0001,ND,ND,ND,ND,0.0114,ND,ND,ND,ND,ND,ND,ND,ND,ND,ND,ND,ND,ND,ND,ND,ND,0.00593,Y
三區,0311,新埔淨水場,新埔淨水場(Sinpu)新竹縣新埔鎮上樟路1段158巷23號[0348047]{0311}<新竹縣市@Hsinchu City>,0.13,1.09,269,－－,0.00065,0.76,0.20,<5,<1,126,7.5,21.6,28.8,ND,<0.01,143,0.01,<0.001,1,<1,0.0328,0.0005,ND,0.0002,ND,ND,<0.01,<0.01,0.0004,<0.0001,0.0354,<0.0001,ND,ND,ND,ND,ND,ND,ND,ND,ND,ND,0.00006,ND,ND,ND,ND,ND,0.112,ND,ND,ND,ND,ND,ND,ND,ND,ND,ND,ND,ND,ND,ND,ND,ND,0.0276,Y
三區,0324,關西淨水場,關西淨水場(Guansi)新竹縣關西鎮南山里渡船頭30號[0348056]{0324}<新竹縣市@Hsinchu City>,0.12,0.40,260,－－,0.00047,0.62,0.25,<5,<1,133,8.0,8.95,48.1,ND,<0.01,155,0.02,0.002,3,<1,0.0305,0.0005,ND,0.0001,ND,ND,ND,ND,0.0002,<0.0001,0.0242,<0.0001,0.04,ND,ND,ND,ND,ND,ND,ND,ND,ND,0.00004,ND,ND,ND,ND,ND,0.121,ND,ND,ND,ND,ND,ND,ND,ND,ND,ND,ND,0.00005,ND,ND,ND,ND,0.0170,Y
三區,0315,東興淨水場,東興淨水場(Donsin)苗栗縣頭份鎮上興里水源路417巷14號[0364018]{0315}<苗栗縣@Miaoli County>,0.10,0.37,187,<1,0.00058,0.74,0.35,<5,<1,92.5,7.9,4.78,37.0,ND,<0.01,111,0.02,0.003,1,<1,0.0201,0.0003,ND,ND,<0.01,<0.01,ND,<0.01,0.0006,<0.0001,0.0234,0.0001,ND,ND,ND,ND,ND,ND,ND,ND,ND,ND,0.00002,ND,ND,ND,ND,ND,0.0949,ND,ND,0.00005,ND,ND,ND,ND,ND,ND,ND,ND,ND,ND,ND,ND,ND,0.0138,Y
三區,0313,明德淨水場,明德淨水場(Minde)苗栗縣頭屋鄉明德村明德路151號[0345091]{0313}<苗栗縣@Miaoli County>,0.12,0.32,199,<1,0.00061,0.65,0.25,<5,<1,103,7.8,12.9,26.4,ND,<0.01,109,<0.01,0.002,1,<1,0.0355,0.0002,ND,ND,<0.01,ND,ND,ND,0.0011,ND,0.0132,ND,0.05,ND,ND,ND,ND,ND,ND,ND,ND,ND,ND,ND,ND,ND,ND,ND,0.113,ND,ND,ND,ND,ND,ND,ND,ND,ND,ND,ND,ND,ND,ND,ND,ND,0.0219,Y
三區,0314,大湖淨水場,大湖淨水場(Dahu)苗栗縣大湖鄉靜湖村水源地4號[0345064]{0314}<苗栗縣@Miaoli County>,0.13,2.56,256,－－,0.00010,0.69,0.15,<5,<1,142,7.6,3.63,51.7,ND,<0.01,165,0.05,<0.001,<1,<1,0.00064,0.0003,ND,ND,0.02,ND,<0.01,<0.01,0.0004,ND,0.0234,ND,ND,ND,ND,ND,ND,ND,ND,ND,ND,ND,ND,ND,ND,ND,ND,ND,0.0220,ND,ND,ND,ND,ND,ND,ND,0.00002,ND,ND,ND,ND,ND,ND,ND,ND,0.00453,Y
三區,0322,南庄淨水場,南庄淨水場(Nanjhuang)苗栗縣南庄鄉民生街71號[0344012]{0322}<苗栗縣@Miaoli County>,0.09,0.63,148,－－,0.00025,0.75,0.35,<5,<1,91.5,8.1,3.55,17.1,ND,<0.01,93.7,0.02,<0.001,2,<1,0.0108,ND,ND,ND,<0.01,ND,<0.01,ND,0.0008,ND,0.0180,ND,ND,ND,ND,ND,ND,ND,ND,ND,ND,ND,ND,0.0001,ND,ND,ND,ND,0.0304,ND,ND,ND,ND,ND,ND,ND,ND,ND,ND,ND,ND,ND,ND,ND,ND,0.00848,Y
三區,0316,中興淨水場,中興淨水場(Jhongsing)苗栗縣銅鑼鄉中平村瑞興北街1號[0347031]{0316}<苗栗縣@Miaoli County>,0.20,1.56,272,－－,0.00006,0.47,0.20,<5,<1,155,7.5,8.70,55.9,ND,<0.01,185,0.02,0.002,2,<1,0.00042,0.0002,ND,ND,<0.01,ND,ND,ND,ND,ND,0.0243,ND,0.07,ND,ND,ND,ND,ND,ND,ND,ND,ND,ND,ND,ND,ND,ND,ND,0.0146,ND,ND,ND,ND,ND,ND,ND,ND,ND,ND,ND,ND,ND,ND,ND,ND,0.00218,Y
四區,0416,卓蘭淨水場,卓蘭淨水場(Jhuolan)苗栗縣卓蘭鎮上新里23-2號[0448075]{0416}<苗栗縣@Miaoli County>,0.11,0.80,320,－－,0.00013,0.47,0.20,<5,<1,116,7.4,2.95,131,ND,ND,157,ND,ND,<1,<1,0.00009,0.0002,ND,ND,<0.01,ND,<0.01,ND,0.0003,ND,0.0149,<0.0001,ND,ND,ND,ND,ND,ND,ND,ND,ND,ND,ND,ND,ND,ND,ND,ND,ND,ND,ND,ND,ND,ND,ND,ND,ND,ND,ND,ND,ND,ND,ND,ND,ND,0.00346,Y
四區,0401,豐原淨水場,豐原淨水場(Fongyuan)臺中市豐原區豐勢路2段1200巷6號[0461018]{0401}<臺中縣市@Taichung City>,0.12,0.62,170,<1,0.00044,0.73,0.30,<5,<1,89.5,7.9,4.11,38.5,ND,ND,119,0.01,ND,1,<1,0.00608,0.0006,ND,ND,<0.01,ND,<0.01,<0.01,0.0003,ND,0.0057,0.0002,ND,ND,ND,ND,ND,ND,ND,ND,ND,ND,ND,ND,ND,ND,ND,ND,0.0557,ND,ND,ND,ND,ND,ND,ND,ND,ND,ND,ND,ND,ND,ND,ND,ND,0.00853,Y
四區,0401,鯉魚潭淨水場,鯉魚潭淨水場(Liyutan)臺中市后里區九甲七路2號[0463012]{0401}<臺中縣市@Taichung City>,0.13,0.32,243,<1,0.00070,0.72,0.25,<5,<1,105,7.7,3.42,84.4,ND,ND,166,ND,ND,<1,<1,0.0108,0.0007,ND,ND,<0.01,ND,<0.01,<0.01,0.0005,ND,0.0087,0.0002,ND,ND,ND,ND,ND,ND,ND,ND,ND,ND,ND,ND,ND,ND,ND,ND,0.0675,ND,ND,ND,ND,ND,ND,ND,ND,ND,ND,ND,ND,ND,ND,ND,ND,0.0123,Y
四區,0413,霧峰淨水場,霧峰淨水場(Wufong)臺中市霧峰區民生路99巷7號[0451015]{0413}<臺中縣市@Taichung City>,0.12,2.38,303,<1,0.00026,0.52,0.20,<5,<1,156,7.1,10.4,51.3,ND,ND,162,ND,ND,1,<1,0.00019,0.0012,ND,ND,0.02,ND,<0.01,<0.01,0.0002,ND,0.0066,ND,ND,ND,ND,ND,ND,ND,ND,ND,ND,ND,ND,ND,ND,ND,ND,ND,ND,ND,ND,ND,ND,ND,ND,ND,ND,ND,ND,ND,ND,ND,ND,ND,ND,0.00308,Y
四區,0435,大安淨水場,大安淨水場(Daan)臺中市大安區中山南路680號[0443089]{0435}<臺中縣市@Taichung City>,0.08,1.83,255,<1,0.00035,0.70,0.20,<5,<1,109,7.3,8.59,57.3,ND,ND,161,ND,ND,1,<1,0.00018,0.0011,ND,ND,<0.01,ND,<0.01,<0.01,0.0005,ND,0.0048,ND,ND,ND,ND,ND,ND,ND,ND,ND,ND,ND,ND,ND,ND,ND,ND,ND,ND,ND,ND,ND,ND,ND,ND,ND,ND,ND,ND,ND,ND,ND,ND,ND,ND,0.00294,Y
四區,0428,大肚淨水場,大肚淨水場(Dadu)臺中市大肚區自由路268巷8號[0454034]{0428}<臺中縣市@Taichung City>,0.15,2.94,203,－－,0.00043,0.43,0.25,<5,<1,89.8,7.4,27.0,21.6,ND,<0.01,90.6,0.01,ND,<1,<1,0.00179,0.0005,ND,ND,<0.01,ND,<0.01,<0.01,0.0006,ND,0.0057,ND,ND,ND,ND,ND,ND,ND,ND,ND,ND,ND,ND,ND,ND,ND,ND,ND,ND,ND,ND,ND,ND,ND,ND,ND,ND,ND,ND,ND,ND,ND,ND,ND,ND,0.00266,Y
四區,0407,谷關淨水場,谷關淨水場(Guguan)臺中市和平區東關路一段分校巷30號[0448066]{0407}<臺中縣市@Taichung City>,0.05,0.25,61.0,－－,0.00165,0.52,0.20,<5,<1,36.7,7.7,1.52,6.35,ND,<0.01,40.9,ND,ND,1,<1,0.00502,0.0001,ND,ND,ND,ND,<0.01,ND,0.0002,ND,0.0015,0.0002,ND,ND,ND,ND,ND,ND,ND,ND,ND,ND,ND,ND,ND,ND,ND,ND,ND,ND,ND,ND,ND,ND,ND,ND,ND,ND,0.00003,ND,ND,ND,ND,ND,ND,0.00375,Y
四區,0415,慶東淨水場,慶東淨水場(Cingdong)臺中市東勢區東關路294號[0448020]{0415}<臺中縣市@Taichung City>,0.12,1.01,182,－－,0.00058,0.48,0.25,<5,<1,98.1,7.5,2.78,38.8,ND,<0.01,124,<0.01,ND,1,<1,0.00083,0.0006,ND,ND,<0.01,ND,<0.01,ND,0.0005,ND,0.0069,0.0002,ND,ND,ND,ND,ND,ND,ND,ND,ND,ND,ND,ND,ND,ND,0.00061,ND,ND,ND,ND,ND,ND,ND,ND,ND,ND,ND,ND,ND,ND,ND,ND,ND,ND,0.00261,Y
四區,0417,梨山淨水場,梨山淨水場(Lishan)臺中市和平區梨山村復興路民生巷1之1號[0448039]{0417}<臺中縣市@Taichung City>,0.06,0.23,125,－－,0.00017,0.35,0.25,<5,<1,86.5,8.0,0.87,16.6,ND,ND,93.1,ND,ND,1,<1,0.00304,0.0009,ND,ND,<0.01,ND,<0.01,<0.01,0.0006,<0.0001,0.0033,<0.0001,ND,ND,ND,ND,ND,ND,ND,ND,ND,ND,ND,ND,ND,ND,ND,ND,ND,ND,ND,ND,ND,ND,ND,ND,ND,ND,ND,ND,ND,ND,ND,ND,ND,0.00539,Y
四區,0405,新社淨水場,新社淨水場(Sinshe)臺中市新社鄉協成村華豐街193-1號[0448048]{0405}<臺中縣市@Taichung City>,0.03,5.49,115,－－,0.00009,0.49,0.20,<5,<1,19.8,6.8,5.44,26.8,ND,ND,50.1,ND,0.012,<1,<1,0.00016,0.0005,ND,ND,<0.01,ND,<0.01,ND,0.0007,<0.0001,0.0896,ND,ND,ND,ND,ND,ND,ND,ND,ND,ND,ND,ND,ND,ND,ND,ND,ND,0.0165,ND,ND,ND,ND,ND,ND,ND,ND,ND,ND,ND,ND,ND,ND,ND,ND,0.00266,Y
四區,0433,集集淨水場,集集淨水場(Jiji)南投縣集集鎮吳厝里民權路430號[0447069]{0433}<南投縣@Nantou County>,0.13,0.37,281,<1,0.00082,0.66,0.30,<5,<1,133,8.2,2.20,92.1,ND,<0.01,201,0.02,ND,1,<1,0.00550,0.0010,ND,ND,ND,<0.01,<0.01,ND,0.0005,ND,0.0052,0.0004,ND,ND,ND,ND,ND,ND,ND,ND,ND,ND,ND,ND,ND,ND,ND,ND,0.0356,ND,ND,ND,ND,ND,ND,ND,ND,ND,0.00008,ND,ND,ND,ND,ND,ND,0.00624,Y
四區,0418,埔里第三淨水場,埔里第三淨水場(Puli Third)南投縣埔里鎮中山路2段101號[0453037]{0418}<南投縣@Nantou County>,0.09,1.75,107,<1,0.00020,0.69,0.15,<5,<1,51.0,6.7,2.38,20.1,ND,ND,63.0,ND,ND,<1,<1,0.00033,0.0003,ND,ND,0.01,ND,0.01,<0.01,0.0006,ND,0.0020,ND,ND,ND,ND,ND,ND,ND,ND,ND,ND,ND,ND,ND,ND,ND,ND,ND,ND,ND,ND,ND,ND,ND,ND,<0.0001,ND,ND,ND,ND,0.00002,ND,ND,ND,ND,0.00259,Y
四區,0423,日月潭淨水場,日月潭淨水場(Rihyuetan)南投縣魚池鄉水社村中山路62號[0453131]{0423}<南投縣@Nantou County>,0.13,0.34,308,<1,0.00099,0.55,0.25,<5,<1,137,8.2,2.36,102,ND,ND,205,ND,ND,7,<1,0.00212,0.0007,ND,ND,<0.01,ND,<0.01,<0.01,0.0004,ND,0.0046,0.0004,ND,ND,ND,ND,ND,ND,ND,ND,ND,ND,ND,ND,ND,ND,ND,ND,ND,ND,ND,ND,ND,ND,ND,ND,ND,ND,ND,ND,ND,ND,ND,ND,ND,0.00413,Y
四區,0448,人倫淨水場,人倫淨水場(Renlun)南投縣信義鄉人和村民生巷82-5號[0447050]{0448}<南投縣@Nantou County>,0.08,0.66,207,－－,0.00029,0.51,0.20,<5,<1,114,8.2,3.39,41.2,ND,ND,138,ND,ND,1,<1,0.00704,0.0004,ND,ND,0.02,ND,<0.01,ND,0.0005,ND,0.0119,0.0002,ND,ND,ND,ND,ND,ND,ND,ND,ND,ND,ND,ND,ND,ND,ND,ND,0.0593,ND,ND,ND,ND,ND,ND,ND,ND,ND,ND,ND,ND,ND,ND,ND,ND,0.00510,Y
四區,0419,大坪頂淨水場,大坪頂淨水場(Dapingding)南投縣埔里鎮西安路3段222-1號[0453055]{0419}<南投縣@Nantou County>,0.07,2.63,76.4,－－,0.00011,0.51,0.25,<5,<1,33.0,7.0,4.56,5.03,ND,ND,30.7,<0.01,0.006,1,<1,0.00149,0.0007,ND,ND,0.01,ND,0.01,<0.01,0.0007,ND,0.0514,ND,ND,ND,ND,ND,ND,ND,ND,ND,ND,ND,ND,ND,ND,ND,ND,ND,ND,ND,ND,ND,ND,ND,ND,ND,ND,ND,0.00007,ND,0.00005,ND,ND,ND,ND,0.00280,Y
四區,0447,民和淨水場,民和淨水場(Minhe)南投縣水里鄉拔社埔段2-703地號[0447087]{0447}<南投縣@Nantou County>,0.14,0.38,180,－－,0.00162,0.52,0.25,<5,<1,68.8,6.9,2.29,61.5,ND,ND,91.7,<0.01,ND,<1,<1,0.00004,0.0012,ND,ND,<0.01,ND,<0.01,<0.01,0.0007,ND,0.0188,ND,ND,ND,ND,ND,ND,ND,ND,ND,ND,ND,ND,ND,ND,ND,ND,ND,ND,ND,ND,ND,ND,ND,ND,ND,ND,ND,ND,ND,ND,ND,ND,ND,ND,0.00347,Y
四區,0444,坪頂淨水場,坪頂淨水場(Pingding)南投縣竹山鎮坪頂里坪頂路坪頂淨水場[0446080]{0444}<南投縣@Nantou County>,0.11,2.04,137,－－,0.00050,0.43,0.25,<5,<1,64.5,7.6,5.04,18.0,ND,ND,85.5,ND,ND,3,<1,0.00412,0.0001,ND,ND,ND,ND,<0.01,<0.01,0.0002,ND,0.0155,ND,ND,ND,ND,ND,ND,ND,ND,ND,ND,ND,ND,ND,ND,ND,ND,ND,ND,ND,ND,ND,ND,ND,ND,ND,ND,ND,ND,ND,ND,ND,ND,ND,ND,0.00750,Y
四區,0434,信義淨水場,信義淨水場(Sinyi)南投縣信義鄉明德村玉山路新開巷4號[0447023]{0434}<南投縣@Nantou County>,0.13,0.37,297,－－,0.00094,0.49,0.25,<5,<1,135,8.1,4.23,104,ND,ND,204,ND,ND,<1,<1,0.0107,0.0004,ND,ND,ND,ND,<0.01,<0.01,0.0003,ND,0.0107,0.0003,ND,ND,ND,ND,ND,ND,ND,ND,ND,ND,ND,<0.0001,ND,ND,ND,ND,0.108,ND,ND,ND,ND,ND,ND,ND,ND,ND,ND,ND,ND,ND,ND,ND,ND,0.00732,Y
四區,0429,南崗淨水場,南崗淨水場(Nangang)南投縣南投市成功一路28號[0444022]{0429}<南投縣@Nantou County>,0.11,6.73,252,－－,0.00028,0.42,0.20,<5,<1,88.7,6.9,7.03,44.9,ND,ND,127,0.03,ND,<1,<1,0.00417,0.0005,ND,ND,<0.01,ND,<0.01,<0.01,0.0005,ND,0.0025,0.0002,ND,ND,ND,ND,ND,ND,ND,ND,ND,ND,ND,ND,ND,ND,ND,ND,0.0246,ND,ND,ND,ND,ND,ND,ND,ND,ND,ND,ND,ND,ND,ND,ND,ND,0.00304,Y
四區,0439,草屯第二淨水場,草屯第二淨水場(Caotun Second)南投縣草屯鎮芬草路1段275號[0445029]{0439}<南投縣@Nantou County>,0.13,6.65,269,－－,0.00018,0.38,0.15,<5,<1,98.5,6.8,14.0,53.8,ND,ND,140,0.01,ND,<1,<1,0.00023,0.0004,ND,ND,<0.01,ND,<0.01,<0.01,0.0004,ND,0.0040,ND,ND,ND,ND,ND,ND,ND,ND,ND,ND,ND,ND,ND,ND,ND,ND,ND,ND,ND,ND,ND,ND,ND,ND,ND,ND,0.00018,ND,ND,ND,ND,ND,ND,ND,0.00242,Y
四區,0450,大旗尾淨水場,大旗尾淨水場(Daciwei)南投縣國姓鄉大旗村大長路692號[0453073]{0450}<南投縣@Nantou County>,0.14,0.61,214,－－,0.00048,0.61,0.25,<5,<1,86.5,8.0,2.59,74.5,ND,ND,144,ND,ND,1,<1,0.00128,0.0009,ND,ND,ND,ND,<0.01,<0.01,0.0002,ND,0.0042,<0.0001,ND,ND,ND,ND,ND,ND,ND,ND,ND,ND,ND,ND,ND,ND,ND,ND,0.0322,ND,ND,ND,ND,ND,ND,ND,ND,ND,0.00008,ND,0.00003,ND,ND,ND,ND,0.00371,Y
四區,0445,鹿谷淨水場,鹿谷淨水場(Lugu)南投縣鹿谷鄉中正1路93號[0446099]{0445}<南投縣@Nantou County>,0.09,1.45,170,－－,0.00100,0.47,0.35,<5,<1,99.4,8.1,5.43,18.4,ND,ND,107,ND,0.002,1,<1,0.0155,0.0001,ND,ND,ND,ND,ND,<0.01,0.0001,ND,0.0052,ND,ND,ND,ND,ND,ND,ND,ND,ND,ND,ND,ND,ND,ND,ND,ND,ND,0.0893,ND,ND,ND,ND,ND,ND,ND,ND,ND,ND,ND,ND,ND,ND,ND,ND,0.0132,Y
四區,0424,德化淨水場,德化淨水場(Dehua)南投縣魚池鄉巒大林區29林班地[0453113]{0424}<南投縣@Nantou County>,0.13,0.31,289,－－,0.00098,0.59,0.25,<5,<1,141,8.2,2.04,98.7,ND,ND,206,ND,ND,4,<1,0.00537,0.0010,ND,ND,<0.01,ND,<0.01,<0.01,0.0005,ND,0.0046,0.0004,ND,ND,ND,ND,ND,ND,ND,ND,ND,ND,ND,ND,ND,ND,ND,ND,ND,ND,ND,ND,ND,ND,ND,ND,ND,ND,ND,ND,ND,ND,ND,ND,ND,0.00540,Y
四區,0449,羅娜淨水場,羅娜淨水場(Luonua)南投縣信義鄉羅娜村信筆巷4~2號[0447041]{0449}<南投縣@Nantou County>,0.09,0.14,206,－－,0.00080,0.48,0.25,<5,<1,127,8.1,1.66,43.2,ND,ND,146,ND,ND,<1,<1,0.00314,0.0031,ND,ND,ND,ND,ND,<0.01,0.0006,ND,0.0123,0.0002,ND,ND,ND,ND,ND,ND,ND,ND,ND,ND,ND,ND,ND,ND,ND,ND,0.0898,ND,ND,ND,ND,ND,ND,ND,ND,ND,ND,ND,ND,ND,ND,ND,ND,0.00596,Y
四區,0420,春陽淨水場,春陽淨水場(Chunyang)南投縣仁愛鄉春陽段200-1地號[0453082]{0420}<南投縣@Nantou County>,0.15,0.36,402,－－,0.00025,0.49,0.25,<5,<1,243,7.9,3.65,101,ND,ND,276,ND,0.010,<1,<1,0.00100,0.0002,ND,ND,<0.01,ND,<0.01,<0.01,0.0004,ND,0.0047,<0.0001,ND,ND,ND,ND,ND,ND,ND,ND,ND,ND,ND,ND,ND,ND,ND,ND,ND,ND,ND,ND,ND,ND,ND,ND,ND,ND,ND,ND,ND,ND,ND,ND,ND,0.00356,Y
五區,0519,湖山淨水場,湖山淨水場(HwuShan)雲林縣斗六市南仁路220號[0564105]{0519}<雲林縣@Yunlin County>,0.10,0.38,249,<1,0.00023,0.64,0.15,<5,<1,123,8.0,6.18,55.4,0.02,<0.01,144,0.02,ND,<1,<1,0.0188,0.0003,ND,ND,<0.01,ND,<0.01,<0.01,0.0004,ND,0.0114,0.0002,ND,ND,ND,ND,ND,ND,ND,ND,ND,ND,ND,ND,ND,ND,ND,ND,0.0278,ND,ND,ND,ND,ND,ND,ND,ND,ND,ND,ND,ND,ND,ND,ND,ND,0.0185,Y
五區,0519,林內淨水場,林內淨水場(Linnei)雲林縣林內鄉烏麻村長源180號[0564065]{0519}<雲林縣@Yunlin County>,0.11,0.33,338,<1,0.00026,0.64,0.15,<5,<1,130,8.0,5.86,109,ND,ND,220,0.02,ND,<1,<1,0.00616,0.0010,ND,ND,<0.01,ND,<0.01,<0.01,0.0003,ND,0.0105,0.0001,ND,ND,ND,ND,ND,ND,ND,ND,ND,ND,ND,ND,ND,ND,ND,ND,0.0505,ND,ND,ND,ND,ND,ND,ND,ND,ND,ND,ND,ND,ND,ND,ND,ND,0.00732,Y
五區,0501,蘭潭淨水場,蘭潭淨水場(Lantan)嘉義市小雅路53號[0561019]{0501}<嘉義縣市@Chiayi City>,0.11,0.22,267,<1,0.00051,0.75,0.30,<5,<1,129,8.1,9.82,56.0,0.03,<0.01,137,0.06,ND,<1,<1,0.0305,0.0006,ND,ND,<0.01,<0.01,<0.01,<0.01,0.0002,ND,0.0179,<0.0001,ND,ND,ND,ND,ND,ND,ND,ND,ND,ND,ND,ND,ND,ND,ND,ND,0.0329,ND,ND,ND,ND,ND,ND,ND,ND,ND,ND,ND,ND,ND,ND,ND,ND,0.0275,Y
五區,0501,公園淨水場,公園淨水場(Gonyuan)嘉義市民權東路46號[0561028-2]{0501}<嘉義縣市@Chiayi City>,0.10,0.27,280,<1,0.00032,0.69,0.15,<5,<1,133,8.0,11.7,58.8,ND,<0.01,146,0.02,ND,<1,<1,0.0355,0.0002,ND,ND,<0.01,<0.01,<0.01,<0.01,0.0002,ND,0.0188,<0.0001,0.02,ND,ND,ND,ND,ND,ND,ND,ND,ND,ND,ND,ND,ND,ND,ND,0.0444,ND,ND,ND,ND,ND,ND,ND,ND,ND,ND,ND,ND,ND,ND,ND,ND,0.0282,Y
五區,0501,水上淨水場,水上淨水場(Shueishang)嘉義縣水上鄉龍德村三鎮路200號[0561037-2]{0501}<嘉義縣市@Chiayi City>,0.09,0.31,210,<1,0.00038,0.70,0.20,<5,<1,112,8.1,7.99,35.6,0.03,ND,125,0.05,ND,<1,<1,0.0227,0.0006,ND,ND,<0.01,<0.01,<0.01,<0.01,0.0002,ND,0.0178,0.0001,ND,ND,ND,ND,ND,ND,ND,ND,ND,ND,ND,ND,ND,ND,ND,ND,0.0313,ND,ND,ND,ND,ND,ND,ND,ND,ND,ND,ND,ND,ND,ND,ND,ND,0.0185,Y
五區,0509,大埔淨水場,大埔淨水場(Dapu)嘉義縣大埔鄉大埔村大埔1號[0560030]{0509}<嘉義縣市@Chiayi City>,0.09,1.07,391,<1,0.00014,0.49,0.15,<5,<1,259,7.5,10.6,45.3,0.03,<0.01,238,0.01,ND,<1,<1,0.00643,0.0011,ND,ND,<0.01,ND,<0.01,<0.01,0.0004,ND,0.0115,<0.0001,0.02,ND,ND,ND,ND,ND,ND,ND,ND,ND,ND,ND,ND,ND,ND,ND,0.0581,0.0003,ND,ND,ND,ND,ND,ND,ND,ND,ND,ND,ND,ND,ND,ND,ND,0.00472,Y
五區,0505,達邦淨水場,達邦淨水場(Dabang)嘉義縣阿里山鄉達邦村一鄰1號(達邦國小)後面[0560116]{0505}<嘉義縣市@Chiayi City>,0.09,0.59,278,－－,0.00008,0.54,0.10,<5,<1,161,8.0,2.32,50.1,0.03,ND,192,ND,ND,<1,<1,0.00263,0.0009,ND,ND,<0.01,ND,<0.01,<0.01,ND,ND,0.0500,ND,0.02,ND,ND,ND,ND,ND,ND,ND,ND,ND,ND,ND,ND,ND,ND,ND,0.0241,ND,ND,ND,ND,ND,ND,ND,ND,ND,ND,ND,ND,ND,ND,ND,ND,0.00484,Y
五區,0544,阿里山淨水場,阿里山淨水場(Alishan)嘉義縣阿里山鄉中正村71號[0560067]{0544}<嘉義縣市@Chiayi City>,0.02,0.12,75.3,－－,0.00043,0.41,0.20,<5,<1,45.5,7.4,4.17,6.05,0.04,<0.01,40.9,0.01,ND,<1,<1,0.00436,0.0014,ND,ND,0.06,<0.01,<0.01,<0.01,ND,ND,0.0065,ND,0.06,ND,ND,ND,ND,ND,ND,ND,ND,ND,ND,ND,ND,ND,ND,ND,0.0431,ND,ND,ND,ND,ND,ND,ND,ND,ND,ND,ND,ND,ND,ND,ND,ND,0.00725,Y
五區,0545,樂野淨水場,樂野淨水場(Leye)嘉義縣阿里山鄉樂野村9鄰237之1號[0560094]{0545}<嘉義縣市@Chiayi City>,0.02,0.27,71.5,－－,0.00012,0.60,0.25,<5,<1,39.6,8.0,3.34,5.00,0.03,ND,34.3,ND,ND,<1,<1,0.0126,0.0014,ND,ND,0.26,<0.01,<0.01,<0.01,ND,<0.0001,0.0037,ND,0.04,ND,ND,ND,ND,ND,ND,ND,ND,ND,ND,ND,ND,ND,ND,ND,0.0446,ND,ND,ND,ND,ND,ND,ND,ND,ND,ND,ND,ND,ND,ND,ND,ND,0.0161,Y
六區,0601,烏山頭淨水場,烏山頭淨水場(Wushantou)臺南市官田區嘉南里68號[0663014]{0601}<臺南縣市@Tainan City>,0.11,0.36,211,<1,0.00034,0.84,0.35,<5,<1,136,7.7,8.52,42.2,ND,ND,144,<0.01,<0.001,<1,<1,0.0165,0.0003,0.0001,ND,<0.01,<0.01,<0.01,ND,0.0004,ND,0.0151,0.0001,ND,ND,ND,ND,ND,ND,ND,ND,ND,ND,ND,ND,ND,ND,ND,ND,0.0380,0.0005,ND,ND,ND,ND,ND,ND,ND,ND,ND,ND,ND,ND,ND,ND,ND,0.0158,Y
六區,0601,潭頂淨水場,潭頂淨水場(Tanting)臺南市新市區潭頂里544號[0661010]{0601}<臺南縣市@Tainan City>,0.12,0.35,217,<1,0.00052,0.71,0.35,<5,<1,132,7.8,12.4,40.0,0.01,ND,144,0.01,<0.001,<1,<1,0.0321,ND,0.0002,<0.0001,<0.01,<0.01,<0.01,ND,0.0004,ND,0.0195,0.0002,ND,ND,ND,ND,ND,ND,ND,ND,ND,ND,ND,ND,ND,ND,ND,ND,0.0351,0.0001,ND,ND,ND,ND,ND,ND,ND,ND,ND,ND,ND,ND,ND,ND,ND,0.0143,Y
六區,0601,南化淨水場,南化淨水場(Nanhua)臺南市南化區北寮里154號[0664011]{0601}<臺南縣市@Tainan City>,0.11,0.17,240,<1,0.00041,0.80,0.25,<5,<1,144,7.9,5.78,54.6,ND,ND,162,0.02,0.001,<1,<1,0.0120,0.0003,ND,ND,<0.01,<0.01,<0.01,<0.01,0.0003,ND,0.0266,0.0001,ND,ND,ND,ND,ND,ND,ND,ND,ND,ND,ND,ND,ND,ND,ND,ND,0.0387,ND,ND,ND,ND,ND,ND,ND,ND,ND,ND,ND,ND,ND,ND,ND,ND,0.00674,Y
六區,0608,楠玉淨水場,楠玉淨水場(Nanyu)臺南市楠西區密枝里102-3號[0644015]{0608}<臺南縣市@Tainan City>,0.11,0.35,229,－－,0.00050,0.68,0.40,<5,<1,137,7.9,16.4,38.9,0.01,ND,146,0.03,0.002,<1,<1,0.0302,0.0003,0.0002,<0.0001,<0.01,<0.01,<0.01,<0.01,0.0004,ND,0.0208,0.0002,0.01,ND,ND,ND,ND,ND,ND,ND,ND,ND,ND,ND,ND,ND,ND,ND,0.0211,ND,ND,ND,ND,ND,ND,ND,ND,ND,ND,ND,ND,ND,ND,ND,ND,0.0135,Y
七區,0701,澄清湖淨水場,澄清湖淨水場(Chengching Lake)高雄市鳥松區大埤路32號[0762018]{0701}<高雄市@Kaohsiung City>,0.10,0.48,327,<1,0.00098,0.56,0.20,<5,<1,104,7.5,9.48,130,ND,ND,145,ND,ND,<1,<1,0.00561,0.0002,ND,<0.0001,<0.01,<0.01,<0.01,ND,0.0003,ND,0.0104,0.0002,ND,ND,ND,ND,ND,ND,ND,ND,ND,ND,ND,ND,ND,ND,ND,ND,0.0969,0.0029,ND,ND,ND,ND,ND,ND,ND,ND,ND,ND,ND,ND,ND,ND,ND,0.00250,Y
七區,0701,鳳山淨水場,鳳山淨水場(Fongshan)高雄市小港區坪頂里天池路1號[0767031]{0701}<高雄市@Kaohsiung City>,0.11,1.11,344,<1,0.00096,0.65,0.20,<5,<1,112,7.6,12.4,133,ND,ND,143,<0.01,ND,<1,<1,0.0138,0.0003,ND,ND,0.01,<0.01,<0.01,<0.01,0.0005,ND,0.0107,0.0002,ND,ND,ND,ND,ND,ND,ND,ND,ND,ND,ND,ND,ND,ND,ND,ND,0.128,0.0016,ND,ND,ND,ND,ND,ND,ND,ND,ND,ND,ND,ND,ND,ND,ND,0.0143,Y
七區,0701,坪頂淨水場,坪頂淨水場(Pinding)高雄市大樹區小坪里小坪路128號[0764012A1]{0701}<高雄市@Kaohsiung City>,0.13,0.58,360,<1,0.00069,0.81,0.25,<5,<1,173,7.7,10.8,101,ND,ND,227,ND,ND,1,<1,0.0136,<0.0001,ND,0.0001,<0.01,<0.01,<0.01,<0.01,0.0002,ND,0.0257,0.0002,ND,ND,ND,ND,ND,ND,ND,ND,ND,ND,0.00006,ND,ND,ND,ND,ND,0.112,ND,ND,ND,ND,ND,ND,ND,ND,ND,ND,ND,ND,ND,ND,ND,ND,0.0145,Y
七區,0701,拷潭淨水場,拷潭淨水場(Kaotan)高雄市大寮區仁德路12號[0766016]{0701}<高雄市@Kaohsiung City>,0.10,0.47,346,<1,0.00035,0.69,0.15,<5,<1,141,7.3,15.2,87.7,ND,ND,231,<0.01,ND,<1,<1,0.0144,0.0002,ND,ND,<0.01,<0.01,<0.01,<0.01,ND,ND,0.0271,0.0001,ND,ND,ND,ND,ND,ND,ND,ND,ND,ND,ND,ND,ND,ND,ND,ND,0.0300,ND,ND,ND,ND,ND,ND,ND,ND,ND,ND,ND,ND,ND,ND,ND,ND,0.0104,Y
七區,0708,甲仙淨水場,甲仙淨水場(Chiahsien)高雄市甲仙區和安里竹山巷19-1號[0741042]{0708}<高雄市@Kaohsiung City>,0.19,0.07,338,<1,0.00038,0.57,0.35,<5,<1,185,8.0,5.19,93.8,ND,ND,215,<0.01,ND,1,<1,0.0191,0.0002,ND,<0.0001,<0.01,<0.01,<0.01,<0.01,0.0002,ND,0.0387,<0.0001,ND,ND,ND,ND,ND,ND,ND,ND,ND,ND,ND,ND,ND,ND,ND,ND,0.0588,0.0003,ND,ND,ND,ND,ND,ND,ND,ND,ND,ND,ND,ND,ND,ND,ND,0.0134,Y
七區,0709,六龜淨水場,六龜淨水場(Liouguei)高雄市六龜區文武里河邊巷77號[0747044]{0709}<高雄市@Kaohsiung City>,0.13,0.19,356,<1,0.00034,0.60,0.75,<5,<1,146,7.5,6.02,128,ND,ND,231,0.02,ND,<1,<1,0.00542,0.0004,ND,0.0001,<0.01,<0.01,<0.01,<0.01,0.0002,ND,0.0253,0.0001,ND,ND,ND,ND,ND,ND,ND,ND,ND,ND,ND,ND,ND,ND,ND,ND,0.0727,ND,ND,ND,ND,ND,ND,ND,ND,ND,ND,ND,ND,ND,ND,ND,ND,0.00450,Y
七區,0719,木梓淨水場,木梓淨水場(Muzih)高雄市杉林區木梓里茄苳巷170-1號[0741119]{0719}<高雄市@Kaohsiung City>,0.17,0.19,282,－－,0.00056,0.58,0.20,<5,<1,156,8.0,3.52,83.1,ND,ND,189,ND,ND,<1,<1,0.00705,0.0001,ND,ND,<0.01,<0.01,<0.01,<0.01,<0.0001,ND,0.0386,0.0001,ND,ND,ND,ND,ND,ND,ND,ND,ND,ND,ND,ND,ND,ND,ND,ND,ND,ND,ND,ND,ND,ND,ND,ND,ND,ND,ND,ND,ND,ND,ND,ND,ND,0.00789,Y
七區,0738,民生淨水場,民生淨水場(Minsheng)高雄市那瑪夏區秀嶺巷1-1號[0741100]{0738}<高雄市@Kaohsiung City>,0.06,0.45,102,－－,0.00043,0.51,0.20,<5,<1,83.7,8.0,2.09,16.5,ND,ND,72.8,0.01,ND,<1,<1,0.00345,0.0012,ND,ND,<0.01,<0.01,<0.01,<0.01,<0.0001,ND,0.0157,<0.0001,ND,ND,ND,ND,ND,ND,ND,ND,ND,ND,ND,ND,ND,ND,ND,ND,ND,ND,ND,ND,ND,ND,ND,ND,ND,ND,ND,ND,ND,ND,ND,ND,ND,0.00514,Y
七區,0751,多納淨水場,多納淨水場(Duona)高雄市茂林區多納段728地號[0746065]{0751}<高雄市@Kaohsiung City>,0.10,0.17,153,－－,0.00010,0.58,0.20,<5,<1,91.6,7.9,2.38,34.9,ND,ND,101,<0.01,ND,<1,<1,0.00102,0.0002,ND,ND,<0.01,<0.01,<0.01,<0.01,<0.0001,ND,0.0013,<0.0001,ND,ND,ND,ND,ND,ND,ND,ND,ND,ND,ND,ND,ND,ND,ND,ND,ND,ND,ND,ND,ND,ND,ND,ND,ND,ND,ND,ND,ND,ND,ND,ND,ND,0.00416,Y
七區,0706,美濃淨水場,美濃淨水場(Meinong)高雄市美濃區中正路二段169巷1號[0747053]{0706}<高雄市@Kaohsiung City>,0.18,2.07,359,－－,0.00024,0.58,0.40,<5,<1,230,7.3,7.34,58.6,ND,ND,255,0.02,ND,<1,<1,0.00121,0.0004,ND,ND,0.01,<0.01,0.01,<0.01,0.0001,ND,0.0232,ND,ND,ND,ND,ND,ND,ND,ND,ND,ND,ND,ND,ND,ND,ND,ND,ND,ND,ND,ND,ND,ND,ND,ND,ND,ND,ND,ND,ND,ND,ND,ND,ND,ND,0.00164,Y
七區,0704,茂林淨水場,茂林淨水場(Maolin)高雄市茂林區茂林段795地號[0746056]{0704}<高雄市@Kaohsiung City>,0.23,0.10,347,－－,0.00047,0.56,0.15,<5,<1,145,7.7,2.63,122,ND,ND,243,ND,ND,<1,<1,0.00309,0.0001,ND,ND,<0.01,<0.01,<0.01,<0.01,0.0001,ND,0.0011,<0.0001,ND,ND,ND,ND,ND,ND,ND,ND,ND,ND,ND,ND,ND,ND,ND,ND,ND,ND,ND,ND,ND,ND,ND,ND,ND,ND,ND,ND,ND,ND,ND,ND,ND,0.00518,Y
七區,0710,新威淨水場,新威淨水場(Sinwei)高雄市六龜區六龜段998之8地號[0747062]{0710}<高雄市@Kaohsiung City>,0.15,0.10,329,－－,0.00021,0.51,0.45,<5,<1,150,7.9,5.92,113,ND,ND,219,0.02,ND,<1,<1,0.00468,0.0005,ND,ND,<0.01,<0.01,<0.01,<0.01,0.0002,ND,0.0158,0.0001,ND,ND,ND,ND,ND,ND,ND,ND,ND,ND,ND,ND,ND,ND,ND,ND,0.0492,ND,ND,ND,ND,ND,ND,ND,ND,ND,ND,ND,ND,ND,ND,ND,ND,0.00530,Y
七區,0703,手巾寮淨水場,手巾寮淨水場(Shoujinliao)高雄市美濃區福安里旗屏一路13-1號[0741024]{0703}<高雄市@Kaohsiung City>,0.16,1.09,433,－－,0.00088,0.52,0.15,<5,<1,199,7.5,5.92,127,ND,ND,289,<0.01,0.001,<1,<1,0.00038,0.0004,ND,0.0001,<0.01,<0.01,<0.01,<0.01,0.0001,ND,0.0321,ND,ND,ND,ND,ND,ND,ND,ND,ND,ND,ND,ND,ND,ND,ND,ND,ND,ND,ND,ND,ND,ND,ND,ND,ND,ND,ND,ND,ND,ND,ND,ND,ND,ND,0.00401,Y
七區,0739,寶來淨水場,寶來淨水場(Baolai)高雄市六龜區寶來里寶來二巷29-1號[0747071]{0739}<高雄市@Kaohsiung City>,0.22,ND,442,－－,0.00074,0.61,0.25,<5,<1,211,7.6,18.2,128,ND,ND,267,0.02,0.002,<1,<1,0.00557,<0.0001,ND,ND,<0.01,<0.01,<0.01,<0.01,0.0001,ND,0.0265,<0.0001,ND,ND,ND,ND,ND,ND,ND,ND,ND,ND,ND,ND,ND,ND,ND,ND,0.0168,ND,ND,ND,ND,ND,ND,ND,ND,ND,ND,ND,ND,ND,ND,ND,ND,0.00319,Y
七區,0750,牡丹淨水場,牡丹淨水場(Moodan)屏東縣牡丹鄉石門村石門路35之2號[0768029]{0750}<屏東縣@Pingtung County>,0.12,0.19,158,<1,0.00025,0.65,0.15,<5,<1,112,7.3,9.92,21.6,ND,ND,110,<0.01,ND,<1,<1,0.0156,0.0002,ND,ND,<0.01,ND,<0.01,<0.01,0.0003,ND,0.0046,ND,ND,ND,ND,ND,ND,ND,ND,ND,ND,ND,ND,ND,ND,ND,ND,ND,0.0688,ND,ND,ND,ND,ND,ND,ND,ND,ND,ND,ND,ND,ND,ND,ND,ND,0.0192,Y
七區,0713,屏東淨水場,屏東淨水場(Pingtong)屏東縣屏東市林森路6號[0742012]{0713}<屏東縣@Pingtung County>,0.09,1.34,275,<1,0.00087,0.60,0.30,<5,<1,161,8.0,4.67,57.5,ND,ND,191,0.02,0.005,<1,<1,0.00202,<0.0001,ND,<0.0001,<0.01,<0.01,<0.01,<0.01,<0.0001,ND,0.0074,<0.0001,ND,ND,ND,ND,ND,ND,ND,ND,ND,ND,ND,ND,ND,ND,ND,ND,0.0153,ND,ND,ND,ND,ND,ND,ND,ND,ND,ND,ND,ND,ND,ND,ND,ND,0.00695,Y
七區,0718,三和淨水場,三和淨水場(Sanhe)屏東縣內埔鄉隘寮段861-1地號[0742107]{0718}<屏東縣@Pingtung County>,0.07,1.67,380,－－,0.00024,0.50,0.30,<5,<1,177,7.8,3.68,116,ND,ND,273,<0.01,ND,1,<1,0.00008,<0.0001,ND,ND,<0.01,<0.01,<0.01,<0.01,ND,ND,0.0031,<0.0001,ND,ND,ND,ND,ND,ND,ND,ND,ND,ND,ND,ND,ND,ND,ND,ND,ND,ND,ND,ND,ND,ND,ND,ND,ND,ND,ND,ND,ND,ND,ND,ND,ND,0.00379,Y
七區,0725,四春淨水場,四春淨水場(Sihchun)屏東縣潮州鎮四春段1036地號[0743055]{0725}<屏東縣@Pingtung County>,0.09,0.86,233,－－,0.00091,0.52,0.25,<5,<1,138,7.4,3.03,45.7,ND,ND,158,<0.01,ND,<1,<1,0.00083,0.0002,ND,0.0002,<0.01,<0.01,<0.01,<0.01,0.0001,ND,0.0015,<0.0001,ND,ND,ND,ND,ND,ND,ND,ND,ND,ND,ND,ND,ND,ND,ND,ND,0.0139,ND,ND,ND,ND,ND,ND,ND,ND,ND,ND,ND,ND,ND,ND,ND,ND,0.00223,Y
七區,0740,佳興淨水場,佳興淨水場(Jiasing)屏東縣泰武鄉佳興段811-1地號[0743082]{0740}<屏東縣@Pingtung County>,0.08,0.45,120,－－,0.00009,0.53,0.30,<5,<1,89.4,7.9,3.01,18.5,ND,ND,91.3,0.01,0.005,<1,<1,0.00069,ND,ND,<0.0001,<0.01,<0.01,<0.01,<0.01,<0.0001,ND,0.0022,ND,ND,ND,ND,ND,ND,ND,ND,ND,ND,ND,ND,ND,ND,ND,ND,ND,ND,ND,ND,ND,ND,ND,ND,ND,ND,ND,ND,ND,ND,ND,ND,ND,ND,0.00488,Y
七區,0712,桑園淨水場,桑園淨水場(Sangyuan)屏東縣牡丹鄉牡丹村牡丹路250之1號[0768010]{0712}<屏東縣@Pingtung County>,0.10,0.16,126,－－,0.00019,0.57,0.65,<5,<1,88.6,7.6,15.2,6.14,ND,ND,75.2,0.08,ND,<1,<1,0.0394,<0.0001,ND,ND,<0.01,<0.01,<0.01,<0.01,0.0002,ND,0.0043,ND,ND,ND,ND,ND,ND,ND,ND,ND,ND,ND,ND,ND,ND,ND,ND,ND,ND,0.0005,ND,ND,ND,ND,ND,ND,ND,ND,ND,ND,ND,ND,ND,ND,ND,0.0212,Y
七區,0732,枋寮淨水場,枋寮淨水場(Fangliao)屏東縣枋寮鄉大響營一小段117地[0743159]{0732}<屏東縣@Pingtung County>,0.12,1.05,254,－－,0.00021,0.53,0.15,<5,<1,172,7.5,4.49,39.1,ND,ND,185,ND,ND,<1,<1,ND,0.0005,0.0007,0.0002,<0.01,<0.01,<0.01,<0.01,0.0002,ND,0.0019,<0.0001,ND,ND,ND,ND,ND,ND,ND,ND,ND,ND,ND,ND,ND,ND,ND,ND,0.0181,ND,ND,ND,ND,ND,ND,ND,ND,ND,ND,ND,ND,ND,ND,ND,ND,0.00384,Y
七區,0743,佳平淨水場,佳平淨水場(Jiaping)屏東縣泰武鄉佳平段133地號[0743177]{0743}<屏東縣@Pingtung County>,0.09,4.33,176,－－,0.00007,0.64,0.35,<5,<1,91.8,7.0,4.87,24.4,ND,ND,115,0.03,ND,<1,<1,0.00094,<0.0001,ND,<0.0001,<0.01,<0.01,<0.01,<0.01,0.0003,ND,0.0034,ND,ND,ND,ND,ND,ND,ND,ND,ND,ND,ND,ND,ND,ND,ND,ND,ND,ND,ND,ND,ND,ND,ND,ND,ND,ND,ND,ND,ND,ND,ND,ND,ND,ND,0.00388,Y
七區,0724,力里淨水場,力里淨水場(Lili)屏東縣春日鄉力里段2016-1號[0743168]{0724}<屏東縣@Pingtung County>,0.12,0.26,240,－－,0.00028,0.57,0.15,<5,<1,162,7.6,2.81,45.8,ND,ND,189,<0.01,0.001,<1,<1,0.00009,0.0003,0.0007,ND,<0.01,<0.01,<0.01,<0.01,0.0002,ND,0.0033,<0.0001,ND,ND,ND,ND,ND,ND,ND,ND,ND,ND,ND,ND,ND,ND,ND,ND,ND,ND,ND,ND,ND,ND,ND,ND,ND,ND,ND,ND,ND,ND,ND,ND,ND,0.00198,Y
七區,0717,高士淨水場,高士淨水場(Gaoshih)屏東縣牡丹鄉高士村7號[0745068]{0717}<屏東縣@Pingtung County>,0.18,0.10,262,－－,0.00029,0.60,0.25,<5,<1,202,8.0,17.7,23.5,ND,ND,197,ND,ND,<1,<1,0.0295,0.0002,ND,ND,<0.01,<0.01,<0.01,<0.01,0.0002,ND,0.0127,<0.0001,ND,ND,ND,ND,ND,ND,ND,ND,ND,ND,ND,ND,ND,ND,ND,ND,ND,0.0004,ND,ND,ND,ND,ND,ND,ND,ND,ND,ND,ND,ND,ND,ND,ND,0.0203,Y
七區,0715,高樹淨水場,高樹淨水場(Gaoshu)屏東縣高樹鄉華光路89號[0746010]{0715}<屏東縣@Pingtung County>,0.09,1.94,382,－－,0.00013,0.61,0.25,<5,<1,172,7.1,4.16,115,ND,ND,269,ND,ND,<1,<1,0.00008,0.0003,0.0007,<0.0001,0.01,<0.01,<0.01,<0.01,0.0001,ND,0.0101,<0.0001,ND,ND,ND,ND,ND,ND,ND,ND,ND,ND,ND,ND,ND,ND,ND,ND,0.0191,ND,ND,ND,ND,ND,ND,ND,ND,ND,ND,ND,ND,ND,ND,ND,ND,0.00212,Y
七區,0731,潮新淨水場,潮新淨水場(chaosin)屏東縣潮州鎮四春段1118-2地號[0743131]{0731}<屏東縣@Pingtung County>,0.08,0.50,204,－－,0.00025,0.54,0.15,<5,<1,130,8.0,2.34,43.8,ND,ND,153,ND,ND,<1,<1,0.00194,<0.0001,ND,ND,<0.01,<0.01,<0.01,<0.01,0.0002,ND,0.0010,0.0001,ND,ND,ND,ND,ND,ND,ND,ND,ND,ND,ND,ND,ND,0.00026,ND,ND,ND,ND,ND,ND,ND,ND,ND,ND,ND,ND,ND,ND,ND,ND,ND,ND,ND,0.00420,Y
七區,0736,瑪家淨水場,瑪家淨水場(Majia)屏東縣瑪家鄉瑪家段1121地號[0742049]{0736}<屏東縣@Pingtung County>,0.06,0.41,160,－－,0.00004,0.43,0.40,<5,<1,90.4,7.6,2.22,40.4,ND,ND,122,<0.01,ND,<1,<1,ND,<0.0001,ND,ND,<0.01,<0.01,<0.01,<0.01,0.0002,ND,0.0024,<0.0001,ND,ND,ND,ND,ND,ND,ND,ND,ND,ND,ND,ND,ND,ND,ND,ND,ND,ND,ND,ND,ND,ND,ND,ND,ND,ND,ND,ND,ND,ND,ND,ND,ND,ND,Y
七區,0714,餉潭淨水場,餉潭淨水場(siangtan)屏東縣新埤鄉新力段463地號[0743037]{0714}<屏東縣@Pingtung County>,0.15,1.13,161,－－,0.00012,0.57,0.20,<5,<1,124,7.4,3.44,19.8,ND,ND,122,ND,ND,<1,<1,0.00034,<0.0001,ND,0.0002,<0.01,<0.01,<0.01,<0.01,<0.0001,ND,0.0033,ND,ND,ND,ND,ND,ND,ND,ND,ND,ND,ND,ND,ND,ND,ND,ND,ND,ND,ND,ND,ND,ND,ND,ND,ND,ND,ND,ND,ND,ND,ND,ND,ND,ND,0.00355,Y
七區,0707,廣興淨水場,廣興淨水場(Guangsing)屏東縣高樹鄉新大路關小段195-173地號[0746038]{0707}<屏東縣@Pingtung County>,0.07,3.96,122,－－,0.00023,0.57,0.25,<5,<1,44.7,6.4,9.22,2.43,ND,ND,24.7,ND,ND,<1,<1,0.00148,0.0004,ND,ND,0.07,<0.01,<0.01,<0.01,0.0003,<0.0001,0.0009,ND,ND,ND,ND,ND,ND,ND,ND,ND,ND,ND,ND,ND,ND,ND,ND,ND,ND,ND,ND,ND,ND,ND,ND,ND,ND,ND,ND,ND,ND,ND,ND,ND,ND,0.00376,Y
七區,0747,霧台淨水場,霧台淨水場(Wutai)屏東縣霧台鄉霧台段840地號[0742058]{0747}<屏東縣@Pingtung County>,0.05,0.44,117,－－,0.00014,0.45,0.30,<5,<1,71.0,7.7,3.63,21.8,ND,ND,82.9,ND,ND,<1,<1,0.00599,<0.0001,ND,ND,<0.01,<0.01,<0.01,<0.01,ND,ND,0.0008,ND,ND,ND,ND,ND,ND,ND,ND,ND,ND,ND,ND,ND,ND,ND,ND,ND,ND,ND,ND,ND,ND,ND,ND,ND,ND,ND,ND,ND,ND,ND,ND,ND,ND,0.00582,Y
七區,0729,馬公,馬公(Magong)澎湖縣馬公市烏崁里306號[0749115]{0729}<澎湖縣@Penghu County>,0.03,ND,336,<1,0.00007,0.74,0.25,<5,<1,37.3,8.3,177,19.1,ND,ND,27.4,0.01,ND,<1,<1,0.00064,0.0002,ND,0.0005,<0.01,<0.01,<0.01,<0.01,0.0005,ND,0.0004,ND,ND,ND,ND,ND,ND,ND,ND,ND,ND,ND,<0.00001,ND,ND,ND,ND,ND,0.0207,0.0008,ND,ND,ND,ND,ND,ND,ND,ND,ND,ND,0.00021,ND,ND,ND,ND,0.00517,Y
七區,0759,西嶼海淡廠,西嶼海淡廠(Siyu)澎湖縣西嶼鄉池西村27-3號[0749322]{0759}<澎湖縣@Penghu County>,0.02,ND,197,－－,ND,0.62,0.25,<5,<1,41.8,8.3,102,2.46,ND,ND,24.3,0.03,ND,<1,<1,0.00091,0.0002,ND,0.0007,<0.01,<0.01,<0.01,ND,0.0002,ND,0.0001,ND,ND,ND,ND,ND,ND,ND,ND,ND,ND,ND,0.00001,ND,ND,ND,ND,ND,ND,ND,ND,ND,ND,ND,ND,ND,ND,ND,ND,ND,ND,ND,ND,ND,ND,0.00421,Y
七區,0756,望安海淡廠,望安海淡廠(Wang-an)澎湖縣望安鄉西安村37-1號[0749106]{0756}<澎湖縣@Penghu County>,0.02,0.04,243,－－,0.00005,0.73,0.25,<5,<1,32.9,8.3,103,29.4,ND,ND,37.3,0.02,ND,<1,<1,0.00103,0.0003,ND,0.0002,<0.01,<0.01,<0.01,<0.01,0.0002,ND,0.0003,ND,ND,ND,ND,ND,ND,ND,ND,ND,ND,ND,0.00005,ND,ND,ND,ND,ND,0.0294,0.0008,ND,ND,ND,ND,ND,ND,ND,ND,ND,ND,ND,0.00008,ND,ND,ND,0.00359,Y
八區,0801,深溝淨水場,深溝淨水場(Shengou)宜蘭縣員山鄉員山路2段236號[0862019]{0801}<宜蘭縣@Yilan County>,0.06,0.55,135,<1,0.00012,0.52,0.15,<5,<1,62.0,7.4,3.12,17.9,ND,ND,87.0,0.02,ND,<1,<1,0.00091,ND,ND,ND,<0.01,ND,<0.01,ND,0.0001,ND,0.0009,ND,ND,ND,ND,ND,ND,ND,ND,ND,ND,ND,ND,ND,ND,ND,ND,ND,0.0554,ND,ND,ND,ND,ND,ND,ND,ND,ND,ND,ND,ND,ND,ND,ND,ND,0.00103,Y
八區,0804,廣興淨水場,廣興淨水場(Kuanhsin)宜蘭縣冬山鄉廣興路90巷51號[0861012]{0804}<宜蘭縣@Yilan County>,0.06,0.76,174,<1,0.00013,0.51,0.15,<5,<1,98.6,7.0,3.33,27.9,ND,ND,111,0.04,ND,<1,<1,ND,0.0001,ND,ND,<0.01,ND,<0.01,<0.01,0.0002,ND,0.0006,ND,ND,ND,ND,ND,ND,ND,ND,ND,ND,ND,ND,ND,ND,ND,ND,ND,0.0142,ND,ND,ND,ND,ND,ND,ND,ND,ND,ND,ND,ND,ND,ND,ND,ND,ND,Y
八區,0804,蘇澳淨水場,蘇澳淨水場(Shuao)宜蘭縣蘇澳鎮光明路5號[0861085]{0804}<宜蘭縣@Yilan County>,0.05,0.39,149,<1,0.00030,0.48,0.15,<5,<1,94.0,6.7,7.42,15.8,ND,ND,103,0.02,0.003,<1,<1,0.00319,0.0002,ND,ND,<0.01,ND,<0.01,<0.01,0.0003,ND,0.0039,ND,ND,ND,ND,ND,ND,ND,ND,0.001,ND,ND,ND,ND,ND,ND,ND,ND,0.0208,ND,ND,ND,ND,ND,ND,ND,ND,ND,ND,ND,ND,ND,ND,ND,0.00025,ND,Y
八區,0815,四季淨水場,四季淨水場(Sihji)宜蘭縣大同鄉四季段[0862073]{0815}<宜蘭縣@Yilan County>,0.05,0.22,131,－－,0.00024,0.50,0.15,<5,<1,85.1,8.0,0.97,13.9,ND,ND,93.8,0.01,<0.001,<1,<1,0.00307,ND,ND,ND,<0.01,ND,<0.01,ND,0.0003,<0.0001,0.0030,0.0001,0.03,ND,ND,ND,ND,ND,ND,ND,ND,ND,ND,ND,ND,ND,ND,ND,0.0177,ND,ND,ND,ND,ND,ND,ND,ND,ND,ND,ND,ND,ND,ND,ND,ND,0.00453,Y
八區,0818,東澳淨水場,東澳淨水場(Dongao)宜蘭縣南澳鄉東岳段839地號[0861107]{0818}<宜蘭縣@Yilan County>,ND,0.46,113,－－,0.00194,0.47,0.15,<5,<1,68.3,7.1,4.63,12.7,ND,ND,80.5,0.01,0.001,<1,<1,0.00016,0.0006,ND,ND,<0.01,ND,<0.01,<0.01,0.0002,<0.0001,0.0091,ND,ND,ND,ND,ND,ND,ND,ND,ND,ND,ND,0.00001,ND,ND,ND,ND,ND,0.0117,ND,ND,ND,ND,ND,ND,ND,ND,ND,ND,ND,ND,ND,ND,ND,ND,0.00040,Y
八區,0813,松羅淨水場,松羅淨水場(Songluo)宜蘭縣大同鄉松羅村松羅段[0862055]{0813}<宜蘭縣@Yilan County>,ND,0.34,59.9,－－,0.00007,0.53,0.20,<5,<1,24.0,7.7,1.89,12.1,ND,ND,33.7,<0.01,ND,3,<1,0.00122,0.0003,ND,ND,<0.01,ND,<0.01,ND,0.0002,ND,0.0032,ND,ND,ND,ND,ND,ND,ND,ND,ND,ND,ND,ND,ND,ND,ND,ND,ND,0.0193,ND,ND,ND,ND,ND,ND,ND,ND,ND,ND,ND,ND,ND,ND,ND,ND,0.00213,Y
八區,0819,金洋淨水場,金洋淨水場(Jinyang)宜蘭縣南澳鄉金洋段1-163地號[0861116]{0819}<宜蘭縣@Yilan County>,0.04,0.54,100,－－,0.00125,0.46,0.15,<5,<1,52.3,7.4,4.30,12.4,ND,ND,61.0,<0.01,ND,<1,<1,0.00053,0.0004,ND,ND,ND,ND,<0.01,<0.01,0.0002,<0.0001,0.0029,ND,0.03,ND,ND,ND,ND,ND,ND,ND,ND,ND,ND,ND,ND,ND,ND,ND,0.0114,ND,ND,ND,ND,ND,ND,ND,ND,ND,ND,ND,ND,ND,ND,ND,ND,0.00060,Y
八區,0816,南山淨水場,南山淨水場(Nanshan)宜蘭縣大同鄉南山段[0862082]{0816}<宜蘭縣@Yilan County>,0.06,0.16,324,－－,0.00022,0.48,0.15,<5,<1,156,8.3,1.04,82.0,ND,ND,236,0.01,<0.001,<1,<1,0.00455,0.0003,ND,ND,<0.01,ND,<0.01,ND,0.0004,<0.0001,0.0097,0.0001,0.04,ND,ND,ND,ND,ND,ND,ND,ND,ND,ND,ND,ND,ND,ND,ND,0.0249,ND,ND,ND,ND,ND,ND,ND,ND,ND,ND,ND,ND,ND,ND,ND,ND,0.00415,Y
八區,0810,碧侯淨水場,碧侯淨水場(Bihou)宜蘭縣南澳鄉南澳段1860-1地號[0861143]{0810}<宜蘭縣@Yilan County>,0.04,0.45,89.1,－－,0.00049,0.46,0.15,<5,<1,42.7,7.1,5.27,11.1,ND,ND,49.5,0.02,ND,1,<1,0.00069,0.0003,ND,ND,<0.01,ND,<0.01,<0.01,0.0002,<0.0001,0.0022,0.0001,ND,ND,ND,ND,ND,ND,ND,ND,ND,ND,<0.00001,ND,ND,ND,ND,ND,0.0119,ND,ND,ND,ND,ND,ND,ND,ND,ND,ND,ND,ND,ND,ND,ND,ND,0.00105,Y
八區,0814,英士淨水場,英士淨水場(Yingshih)宜蘭縣大同鄉梵梵段[0862064]{0814}<宜蘭縣@Yilan County>,0.20,0.47,305,－－,0.00008,0.50,0.20,<5,<1,149,7.0,2.32,61.3,ND,ND,137,0.02,0.003,<1,<1,0.00020,0.0002,ND,ND,0.01,ND,<0.01,ND,0.0002,ND,0.0412,ND,ND,ND,ND,ND,ND,ND,ND,ND,ND,ND,ND,ND,ND,ND,ND,ND,0.0224,ND,ND,ND,ND,ND,ND,ND,ND,ND,ND,ND,ND,ND,ND,ND,ND,0.00042,Y
八區,0820,澳花淨水場,澳花淨水場(Aohua)宜蘭縣南澳鄉澳花段674地號[0861125]{0820}<宜蘭縣@Yilan County>,ND,0.33,156,－－,0.00124,0.45,0.15,<5,<1,89.2,7.7,8.59,25.3,ND,ND,109,ND,ND,<1,<1,0.00017,0.0004,ND,ND,ND,ND,ND,ND,0.0013,<0.0001,0.0082,ND,ND,ND,ND,ND,ND,ND,ND,ND,ND,ND,ND,ND,ND,ND,ND,ND,0.0156,ND,ND,ND,ND,ND,ND,ND,ND,ND,ND,ND,ND,ND,ND,ND,ND,0.00043,Y
九區,0901,娑婆礑淨水場,娑婆礑淨水場(Sapotang)花蓮縣秀林鄉水源村金嵐路2之1號[0961077]{0901}<花蓮縣@Hualien County>,0.03,0.39,132,<1,0.00093,0.41,0.20,<5,<1,89.7,8.1,2.69,12.4,ND,ND,100,0.03,0.001,1,<1,0.00017,0.0014,ND,ND,<0.01,<0.01,<0.01,<0.01,0.0037,ND,0.0234,<0.0001,ND,ND,ND,ND,ND,ND,ND,ND,ND,ND,ND,ND,ND,ND,ND,ND,0.0207,ND,ND,ND,ND,ND,ND,ND,ND,ND,ND,ND,ND,ND,ND,ND,ND,0.00278,Y
九區,0916,鳳林淨水場,鳳林淨水場(Fonglin)花蓮縣鳳林鎮水源路136號[0944036]{0916}<花蓮縣@Hualien County>,0.04,0.32,72.1,<1,0.00036,0.44,0.15,<5,<1,43.8,8.1,4.28,8.18,ND,ND,47.4,0.01,ND,2,<1,0.00043,0.0002,ND,ND,<0.01,<0.01,<0.01,<0.01,<0.0001,ND,0.0020,ND,ND,ND,ND,ND,ND,ND,ND,ND,ND,ND,ND,ND,ND,ND,ND,ND,0.0154,ND,ND,ND,ND,ND,ND,ND,ND,ND,ND,ND,ND,0.00015,ND,ND,ND,0.00397,Y
九區,0927,玉里淨水場,玉里淨水場(Yuli)花蓮縣玉里鎮玉里段152，217地號內[0946030]{0927}<花蓮縣@Hualien County>,0.08,0.63,167,<1,0.00082,0.45,0.25,<5,<1,113,7.7,3.91,25.7,ND,ND,120,0.03,0.002,<1,<1,0.00023,0.0006,0.0003,<0.0001,<0.01,<0.01,<0.01,<0.01,0.0031,ND,0.0030,0.0001,ND,ND,ND,ND,ND,ND,ND,ND,ND,ND,ND,ND,ND,ND,ND,ND,0.0328,ND,ND,ND,ND,ND,ND,ND,ND,ND,ND,ND,ND,ND,ND,ND,ND,0.00217,Y
九區,0901,壽豐淨水場,壽豐淨水場(Shoufeng)花蓮縣壽豐鄉豐裡村中山路151號[0961275]{0901}<花蓮縣@Hualien County>,0.04,0.47,157,<1,0.00082,0.48,0.15,<5,<1,116,8.2,4.83,10.6,ND,ND,122,0.01,ND,1,<1,0.00201,<0.0001,ND,ND,<0.01,<0.01,<0.01,<0.01,0.0006,<0.0001,0.0171,<0.0001,ND,ND,ND,ND,ND,ND,ND,ND,ND,ND,ND,ND,ND,ND,ND,ND,0.0265,ND,ND,ND,ND,ND,ND,ND,ND,ND,ND,ND,ND,ND,ND,ND,ND,0.00285,Y
九區,0915,水璉淨水場,水璉淨水場(Shueilian)花蓮縣壽豐鄉水璉村東升段479地號[0961220]{0915}<花蓮縣@Hualien County>,0.32,0.11,349,－－,0.00223,0.48,0.20,<5,<1,224,8.1,31.4,40.8,ND,ND,179,ND,ND,2,<1,0.0289,ND,0.0002,ND,<0.01,<0.01,<0.01,<0.01,0.0006,ND,0.0038,0.0001,ND,ND,ND,ND,ND,ND,ND,ND,ND,ND,0.00002,ND,ND,ND,ND,ND,0.0204,ND,ND,ND,ND,0.00033,ND,ND,ND,ND,ND,ND,ND,ND,ND,ND,ND,0.0138,Y
九區,0931,池南淨水場,池南淨水場(Chihnan)花蓮縣壽豐鄉池南村壽豐段901地號[0961171]{0931}<花蓮縣@Hualien County>,0.03,0.35,121,－－,0.00064,0.42,0.15,<5,<1,94.6,8.1,4.72,11.2,ND,ND,103,0.01,ND,2,<1,0.00207,0.0001,ND,ND,<0.01,<0.01,<0.01,<0.01,0.0002,<0.0001,0.0240,<0.0001,ND,ND,ND,ND,ND,ND,ND,ND,ND,ND,ND,ND,ND,ND,ND,ND,0.0203,ND,ND,ND,ND,ND,ND,ND,ND,ND,ND,ND,ND,ND,ND,ND,ND,0.00266,Y
九區,0908,和平淨水場,和平淨水場(Heping)花蓮縣秀林鄉和平事業區第一林班地內[0961022]{0908}<花蓮縣@Hualien County>,0.13,0.18,370,－－,0.00086,0.48,0.15,<5,<1,182,7.8,23.6,95.6,ND,ND,255,0.03,<0.001,<1,<1,0.00032,ND,0.0008,ND,<0.01,<0.01,<0.01,<0.01,0.0006,ND,0.0131,0.0002,ND,ND,ND,ND,ND,ND,ND,ND,ND,ND,ND,ND,ND,ND,ND,ND,0.0239,ND,ND,ND,ND,0.00029,ND,ND,ND,ND,ND,ND,ND,ND,ND,ND,ND,0.00222,Y
九區,0934,松浦淨水場,松浦淨水場(Songpu)花蓮縣玉里鎮松蒲里觀音山段886地號內[0946058]{0934}<花蓮縣@Hualien County>,0.15,0.31,336,－－,0.00108,0.46,0.15,<5,<1,197,7.6,18.6,46.4,ND,ND,208,0.02,ND,1,<1,0.00046,0.0002,0.0002,<0.0001,<0.01,<0.01,<0.01,<0.01,0.0003,ND,0.0051,0.0002,ND,ND,ND,ND,ND,ND,ND,ND,ND,ND,ND,ND,ND,ND,ND,ND,0.0153,ND,ND,ND,ND,ND,ND,ND,ND,ND,ND,ND,ND,ND,ND,ND,ND,0.00291,Y
九區,0928,明里淨水場,明里淨水場(Mingli)花蓮縣富里鄉明里村100號[0946085]{0928}<花蓮縣@Hualien County>,0.14,0.62,374,－－,0.00093,0.52,0.15,<5,<1,216,7.6,19.6,82.8,ND,ND,265,<0.01,ND,<1,<1,0.00023,0.0002,0.0003,<0.0001,<0.01,<0.01,<0.01,<0.01,0.0003,ND,0.0070,0.0002,ND,ND,ND,ND,ND,ND,ND,ND,ND,ND,ND,ND,ND,ND,ND,ND,0.0212,ND,ND,ND,ND,ND,ND,ND,ND,ND,ND,ND,ND,ND,ND,ND,ND,0.00237,Y
九區,0924,富源淨水場,富源淨水場(Fuyuan)花蓮縣瑞穗鄉富源村廣東路175-79地號內[0944081]{0924}<花蓮縣@Hualien County>,0.03,0.23,140,－－,0.00090,0.49,0.15,<5,<1,80.1,8.1,3.23,19.2,ND,ND,92.9,0.01,ND,7,<1,0.00054,0.0003,0.0002,<0.0001,<0.01,<0.01,<0.01,<0.01,0.0003,ND,0.0030,0.0001,ND,ND,ND,ND,ND,ND,ND,ND,ND,ND,ND,ND,ND,ND,ND,ND,0.0233,ND,ND,ND,ND,ND,ND,ND,ND,ND,ND,ND,ND,ND,ND,ND,ND,0.00264,Y
九區,0926,港口淨水場,港口淨水場(Gangkou)花蓮縣豐濱鄉大港口110號[0944090]{0926}<花蓮縣@Hualien County>,0.07,0.28,260,－－,0.00048,0.42,0.20,<5,<1,157,8.0,18.0,25.5,ND,ND,163,0.01,ND,8,<1,0.00824,ND,0.0003,ND,<0.01,ND,<0.01,<0.01,<0.0001,ND,0.0017,ND,ND,ND,ND,ND,ND,ND,ND,ND,ND,ND,ND,ND,ND,ND,ND,ND,0.0237,ND,ND,ND,ND,ND,ND,ND,ND,ND,ND,ND,ND,ND,ND,ND,ND,0.00497,Y
九區,0923,紅葉淨水場,紅葉淨水場(Hongye)花蓮縣萬榮鄉紅葉村紅葉段908-1及909-1地號[0946116]{0923}<花蓮縣@Hualien County>,0.05,0.28,130,－－,0.00053,0.42,0.15,<5,<1,73.0,8.1,3.29,19.3,ND,ND,85.6,0.01,0.001,13,<1,0.00092,0.0006,0.0003,<0.0001,<0.01,<0.01,<0.01,<0.01,0.0006,ND,0.0018,<0.0001,ND,ND,ND,ND,ND,ND,ND,ND,ND,ND,ND,ND,ND,ND,ND,ND,0.0283,ND,ND,ND,ND,ND,ND,ND,ND,ND,ND,ND,ND,ND,ND,ND,ND,0.00382,Y
九區,0922,新社淨水場,新社淨水場(Sinshe)花蓮縣豐濱鄉新社94-1號[0944063]{0922}<花蓮縣@Hualien County>,0.42,0.12,236,－－,0.00033,0.53,0.40,<5,<1,124,8.2,26.5,5.11,ND,ND,28.4,0.06,0.001,6,<1,0.00983,ND,0.0001,ND,<0.01,<0.01,<0.01,<0.01,0.0002,ND,0.0004,ND,ND,ND,ND,ND,ND,ND,ND,ND,ND,ND,ND,<0.0001,ND,ND,ND,ND,0.0920,ND,ND,ND,ND,ND,ND,ND,ND,ND,ND,ND,ND,ND,ND,ND,ND,0.00725,Y
十區,1001,利嘉淨水場,利嘉淨水場(Leichia)臺東縣卑南鄉利嘉路575號[1047012]{1001}<臺東縣@Taitung County>,0.09,0.37,331,<1,0.00030,0.62,0.25,<5,<1,113,8.0,5.05,36.4,ND,ND,218,0.03,ND,<1,<1,0.00096,0.0007,ND,0.0003,ND,ND,<0.01,<0.01,0.0009,<0.0001,0.0033,0.0002,ND,ND,ND,ND,ND,ND,ND,ND,ND,ND,ND,ND,ND,ND,ND,ND,0.0234,ND,ND,ND,ND,ND,ND,ND,ND,ND,ND,ND,ND,ND,ND,ND,ND,0.00155,Y
十區,1034,成功淨水場,成功淨水場(Chengkung)臺東縣成功鎮高台路60-1號[1045018]{1034}<臺東縣@Taitung County>,0.13,0.33,225,<1,0.00057,0.58,0.45,<5,<1,84.9,7.7,27.4,25.9,ND,ND,76.3,0.13,0.004,<1,<1,0.00498,0.0004,ND,0.0003,<0.01,ND,<0.01,<0.01,0.0004,<0.0001,0.0012,<0.0001,ND,ND,ND,ND,ND,ND,ND,ND,ND,ND,0.00001,ND,ND,ND,ND,ND,0.0489,ND,ND,ND,ND,ND,ND,ND,ND,ND,ND,ND,ND,0.00036,ND,ND,ND,0.00564,Y
十區,1026,正興淨水場,正興淨水場(Chenghsin)臺東縣金峰鄉正興村90號[1046042]{1026}<臺東縣@Taitung County>,0.11,1.11,322,<1,0.00017,0.44,0.15,<5,<1,120,7.2,7.90,93.6,ND,ND,190,0.03,ND,<1,<1,ND,0.0005,ND,0.0003,<0.01,ND,<0.01,<0.01,0.0005,<0.0001,0.0031,<0.0001,ND,ND,ND,ND,ND,ND,ND,ND,ND,ND,ND,ND,ND,ND,ND,ND,0.0122,ND,ND,ND,ND,ND,ND,ND,ND,ND,ND,ND,ND,ND,ND,ND,ND,0.00144,Y
十區,1027,大溪淨水場,大溪淨水場(Dasi)臺東縣達仁鄉台板村拉力板段209地號[1046051]{1027}<臺東縣@Taitung County>,0.10,1.11,240,－－,0.00020,0.39,0.20,<5,<1,120,8.3,9.29,29.2,ND,ND,124,ND,ND,<1,<1,0.00556,ND,ND,0.0004,<0.01,ND,ND,<0.01,ND,ND,0.0054,ND,ND,ND,ND,ND,ND,ND,ND,ND,ND,ND,ND,ND,ND,ND,ND,ND,0.0203,ND,ND,ND,ND,ND,ND,ND,ND,ND,ND,ND,ND,ND,ND,ND,ND,0.00366,Y
十區,1043,土板淨水場,土板淨水場(Tuban)臺東縣達仁鄉土板村都哇拔段76、79、80地號[1046100]{1043}<臺東縣@Taitung County>,0.09,1.16,297,－－,0.00019,0.41,0.15,<5,<1,129,7.7,5.64,69.5,ND,ND,189,0.03,ND,<1,<1,0.00020,0.0001,ND,0.0004,<0.01,ND,<0.01,<0.01,0.0003,<0.0001,0.0029,0.0001,ND,ND,ND,ND,ND,ND,ND,ND,ND,ND,ND,ND,ND,ND,ND,ND,0.0215,ND,ND,ND,ND,ND,ND,ND,ND,ND,ND,ND,ND,ND,ND,ND,ND,0.00082,Y
十區,1023,和平淨水場,和平淨水場(Heping)臺東縣大武鄉大武村復興段598地號[1046015]{1023}<臺東縣@Taitung County>,0.06,0.56,237,－－,0.00012,0.38,0.15,<5,<1,119,7.5,5.77,27.2,ND,ND,137,0.02,ND,<1,<1,ND,0.0002,ND,0.0004,<0.01,ND,ND,<0.01,ND,ND,0.0015,ND,ND,ND,ND,ND,ND,ND,ND,ND,ND,ND,ND,ND,ND,ND,ND,ND,0.0186,ND,ND,ND,ND,ND,ND,ND,ND,ND,ND,ND,ND,ND,ND,ND,ND,0.00029,Y
十區,1032,安朔淨水場,安朔淨水場(Anshuo)臺東縣達仁鄉安朔段437地號[1046033]{1032}<臺東縣@Taitung County>,0.08,0.62,200,－－,0.00006,0.36,0.15,<5,<1,102,7.4,9.29,21.6,ND,ND,99.9,ND,ND,<1,<1,ND,0.0002,ND,0.0002,<0.01,ND,ND,ND,0.0012,<0.0001,0.0025,ND,ND,ND,ND,ND,ND,ND,ND,ND,ND,ND,ND,<0.0001,ND,ND,ND,ND,0.0153,ND,ND,ND,ND,ND,ND,ND,ND,ND,ND,ND,ND,ND,ND,ND,ND,0.00098,Y
十區,1015,池上淨水場,池上淨水場(Chihshang)臺東縣池上鄉新興路86號[1043014]{1015}<臺東縣@Taitung County>,0.06,0.73,383,－－,0.00035,0.41,0.20,<5,<1,202,7.0,9.59,146,ND,ND,247,0.03,ND,<1,<1,0.00024,ND,0.0015,ND,<0.01,ND,<0.01,ND,0.0007,ND,0.0036,0.0001,ND,ND,ND,ND,ND,ND,ND,ND,ND,ND,ND,ND,ND,ND,ND,ND,0.0124,ND,ND,ND,ND,ND,ND,ND,ND,ND,ND,ND,ND,ND,ND,ND,ND,0.00118,Y
十區,1048,利稻淨水場,利稻淨水場(Lidao)臺東縣海端鄉利稻村利稻段265-1地號[1043078]{1048}<臺東縣@Taitung County>,0.06,0.65,390,－－,0.00067,0.43,0.15,<5,<1,109,8.0,5.49,121,ND,ND,282,0.03,ND,<1,<1,0.00024,ND,ND,ND,<0.01,ND,<0.01,ND,0.0016,ND,0.0044,0.0002,ND,ND,ND,ND,ND,ND,ND,ND,ND,ND,ND,ND,ND,ND,ND,ND,0.0249,ND,ND,ND,ND,ND,ND,ND,ND,ND,ND,ND,ND,ND,ND,ND,ND,0.00122,Y
十區,1002,初鹿淨水場,初鹿淨水場(Chulu)臺東縣卑南鄉明峰村忠孝路22號[1047107]{1002}<臺東縣@Taitung County>,0.15,1.87,200,－－,0.00021,0.47,0.20,<5,<1,99.7,7.3,7.26,17.3,ND,ND,108,0.03,ND,<1,<1,ND,ND,ND,ND,0.01,ND,<0.01,<0.01,0.0008,ND,0.0026,ND,ND,ND,ND,ND,ND,ND,ND,ND,ND,ND,ND,ND,ND,ND,ND,ND,0.0123,ND,ND,ND,ND,ND,ND,ND,ND,ND,ND,ND,ND,ND,ND,ND,ND,0.00082,Y
十區,1025,金崙淨水場,金崙淨水場(Jinlun)臺東縣太麻里鄉金崙段796地號[1046079]{1025}<臺東縣@Taitung County>,0.08,1.03,217,－－,0.00017,0.38,0.20,<5,<1,107,8.0,7.77,30.6,ND,ND,123,ND,ND,<1,<1,0.00108,ND,ND,0.0003,<0.01,ND,ND,ND,ND,ND,0.0024,ND,ND,ND,ND,ND,ND,ND,ND,ND,ND,ND,ND,ND,ND,ND,ND,ND,0.0230,ND,ND,ND,ND,ND,ND,ND,ND,ND,ND,ND,ND,ND,ND,ND,ND,0.00219,Y
十區,1001,泰安淨水場,泰安淨水場(Taian)臺東縣卑南鄉泰安494號之2號[1047030]{1001}<臺東縣@Taitung County>,0.09,0.41,349,－－,0.00038,0.54,0.15,<5,<1,134,8.0,5.31,34.6,ND,ND,230,0.04,ND,<1,<1,0.00244,0.0002,0.0011,0.0002,ND,<0.01,ND,<0.01,0.0002,<0.0001,0.0034,0.0002,ND,ND,ND,ND,ND,ND,ND,ND,ND,ND,ND,ND,ND,ND,ND,ND,0.0235,ND,ND,ND,ND,ND,ND,ND,ND,ND,ND,ND,ND,ND,ND,ND,ND,0.00269,Y
十區,1006,永安淨水場,永安淨水場(Yongan)臺東縣延平鄉康源段73-1地號[1043087]{1006}<臺東縣@Taitung County>,0.12,0.43,320,－－,0.00043,0.51,0.20,<5,<1,150,8.0,5.60,43.1,ND,ND,219,0.03,ND,<1,<1,0.00079,0.0011,0.0022,ND,0.01,ND,<0.01,ND,0.0009,ND,0.0030,0.0002,ND,ND,ND,ND,ND,ND,ND,ND,ND,ND,ND,ND,ND,ND,ND,ND,0.0134,ND,ND,ND,ND,ND,ND,ND,ND,ND,ND,ND,ND,ND,ND,ND,ND,0.00094,Y
十區,1031,森永淨水場,森永淨水場(Senyong)臺東縣達仁鄉森永段279-1地號[1046024]{1031}<臺東縣@Taitung County>,0.10,0.39,225,－－,0.00007,0.38,0.15,<5,<1,121,7.7,9.15,25.8,ND,ND,129,0.03,ND,<1,<1,0.00051,ND,ND,0.0002,ND,ND,ND,ND,ND,ND,0.0045,ND,ND,ND,ND,ND,ND,ND,ND,ND,ND,ND,ND,<0.0001,ND,ND,ND,ND,0.0228,ND,ND,ND,ND,ND,ND,ND,ND,ND,ND,ND,ND,ND,ND,ND,ND,0.00108,Y
十區,1039,愛國埔淨水場,愛國埔淨水場(Aiguopu)臺東縣大武鄉愛國埔段440地號[1046088]{1039}<臺東縣@Taitung County>,0.09,0.51,297,－－,0.00008,0.40,0.15,<5,<1,145,7.8,10.7,45.6,ND,ND,168,0.03,ND,<1,<1,0.00050,0.0007,ND,0.0002,<0.01,ND,ND,ND,ND,ND,0.0048,ND,ND,ND,ND,ND,ND,ND,ND,ND,ND,ND,ND,0.0001,ND,ND,ND,ND,0.0138,ND,ND,ND,ND,ND,ND,ND,ND,ND,ND,ND,ND,ND,ND,ND,ND,0.00256,Y
十區,1037,新化淨水場,新化淨水場(Sinhua)臺東縣達仁鄉新化段166-1地號[1046060]{1037}<臺東縣@Taitung County>,0.05,0.19,114,－－,ND,0.40,0.20,<5,<1,82.5,7.1,5.71,11.6,ND,ND,39.8,0.04,ND,<1,<1,ND,0.0002,ND,0.0001,<0.01,ND,<0.01,ND,0.0002,<0.0001,0.0010,ND,ND,ND,ND,ND,ND,ND,ND,ND,ND,ND,ND,<0.0001,ND,ND,ND,ND,0.00766,ND,ND,ND,ND,ND,ND,ND,ND,ND,ND,ND,ND,ND,ND,ND,ND,0.00113,Y
十區,1040,綠島淨水場,綠島淨水場(Lyudao)臺東縣綠島鄉公館村草山1號[1047021]{1040}<臺東縣@Taitung County>,0.09,0.36,308,－－,0.00057,0.46,0.50,<5,<1,102,7.3,62.6,22.3,ND,ND,99.5,0.04,ND,<1,<1,0.0329,0.0006,ND,0.0002,0.01,<0.01,<0.01,<0.01,0.0018,<0.0001,0.0234,<0.0001,ND,ND,ND,ND,ND,ND,ND,ND,ND,ND,ND,ND,ND,ND,ND,ND,0.0399,ND,ND,ND,ND,ND,ND,ND,ND,ND,ND,ND,ND,ND,ND,ND,ND,0.0119,Y
十區,1016,關山淨水場,關山淨水場(Guanshan)臺東縣關山鎮里龍里水源路35號對面[1043023]{1016}<臺東縣@Taitung County>,0.08,0.52,287,－－,0.00043,0.49,0.20,<5,<1,119,8.0,5.13,50.0,ND,ND,177,0.05,0.004,<1,<1,0.00055,ND,ND,ND,0.01,<0.01,<0.01,<0.01,0.0015,ND,0.0040,0.0002,ND,ND,ND,ND,ND,ND,ND,ND,ND,ND,ND,ND,ND,ND,ND,ND,0.0174,ND,ND,ND,ND,ND,ND,ND,ND,ND,ND,ND,ND,ND,ND,ND,ND,0.00162,Y
十區,1043,東清淨水場,東清淨水場(Dongqing)臺東縣蘭嶼鄉東清村200號[1047125]{1043}<臺東縣@Taitung County>,0.07,0.49,377,－－,0.00020,0.48,0.20,<5,<1,189,7.2,22.7,61.9,ND,ND,255,0.03,ND,<1,<1,0.0110,0.0004,ND,0.0003,<0.01,ND,<0.01,<0.01,0.0001,<0.0001,0.0043,<0.0001,ND,ND,ND,ND,ND,ND,ND,ND,ND,ND,0.00001,ND,ND,ND,ND,ND,0.0206,ND,ND,ND,ND,ND,ND,ND,ND,ND,ND,ND,ND,0.00011,ND,ND,ND,0.00496,Y
十一區,1101,彰化第三淨水場,彰化第三淨水場(Changhua Third)彰化縣和美鎮水源路750號[1161035]{1101}<彰化縣@ChanghuaCounty>,0.11,0.15,431,<1,0.00076,0.55,0.20,<5,<1,202,7.7,39.3,96.8,ND,ND,264,<0.01,ND,<1,<1,0.00975,ND,ND,ND,<0.01,ND,<0.01,ND,0.0010,ND,0.0127,ND,ND,ND,ND,ND,ND,ND,ND,ND,ND,ND,ND,ND,ND,ND,ND,ND,0.0229,ND,ND,ND,ND,0.00033,ND,ND,ND,ND,ND,ND,ND,ND,ND,ND,ND,0.00691,Y
十一區,1109,員林第二淨水場,員林第二淨水場(Yuanlin Second)彰化縣員林鎮南平里靜修路74-21號[1142027]{1109}<彰化縣@ChanghuaCounty>,0.17,0.07,198,<1,0.00218,0.53,0.15,<5,<1,169,7.9,6.55,18.0,ND,ND,156,ND,0.002,<1,<1,0.00168,0.0004,ND,ND,ND,ND,ND,ND,ND,<0.0001,0.0079,ND,ND,ND,ND,ND,ND,ND,ND,ND,ND,ND,ND,ND,ND,ND,ND,ND,0.00299,ND,ND,ND,ND,ND,ND,ND,ND,ND,ND,ND,ND,ND,ND,ND,ND,0.00260,Y
十一區,1110,田中淨水場,田中淨水場(Tianjhong)彰化縣田中鎮碧峰里中南路2段286巷46號[1144058]{1110}<彰化縣@ChanghuaCounty>,0.14,7.56,242,－－,0.00024,0.52,0.10,<5,<1,105,6.7,8.00,35.1,ND,ND,145,ND,ND,<1,<1,0.00049,0.0006,0.0012,ND,<0.01,ND,ND,ND,0.0001,<0.0001,0.0026,<0.0001,ND,ND,ND,ND,ND,ND,ND,ND,ND,ND,ND,ND,ND,ND,ND,ND,0.00369,ND,ND,ND,ND,ND,ND,ND,ND,ND,ND,ND,ND,ND,ND,ND,ND,0.00272,Y
十一區,1104,二林淨水場,二林淨水場(Erlin)彰化縣二林鎮儒林路2段100號[1148010]{1104}<彰化縣@ChanghuaCounty>,0.11,0.17,367,－－,0.00128,0.52,0.15,<5,<1,174,8.0,7.83,112,ND,ND,245,0.01,0.003,<1,<1,0.0109,0.0008,ND,ND,<0.01,<0.01,<0.01,<0.01,0.0005,<0.0001,0.0179,0.0001,ND,ND,ND,ND,ND,ND,ND,ND,ND,ND,ND,ND,ND,ND,ND,ND,0.0136,ND,ND,ND,ND,0.00035,ND,ND,ND,ND,ND,ND,ND,ND,ND,ND,ND,0.00647,Y
十一區,1103,下壩淨水場,下壩淨水場(Siaba)彰化縣溪州鄉成功村下柑路25號[1143060]{1103}<彰化縣@ChanghuaCounty>,0.14,2.24,371,－－,0.00033,0.51,0.10,<5,<1,138,7.8,6.42,135,ND,ND,253,ND,ND,<1,<1,0.00271,0.0010,ND,ND,ND,ND,<0.01,<0.01,ND,<0.0001,0.0035,<0.0001,ND,ND,ND,ND,ND,ND,ND,ND,ND,ND,ND,ND,ND,ND,ND,ND,0.00624,ND,ND,ND,ND,ND,ND,ND,ND,ND,ND,ND,ND,ND,ND,ND,ND,0.00247,Y
十一區,1102,花壇淨水場,花壇淨水場(Huatan)彰化縣花壇鄉花橋街11號[1152011]{1102}<彰化縣@ChanghuaCounty>,0.20,0.03,202,－－,0.00112,0.52,0.25,<5,<1,154,7.7,13.5,5.12,ND,ND,111,0.04,0.006,<1,<1,0.00562,0.0010,ND,ND,<0.01,<0.01,<0.01,<0.01,0.0005,<0.0001,0.0080,ND,ND,ND,ND,ND,ND,ND,ND,ND,ND,ND,ND,ND,ND,ND,ND,ND,0.00462,ND,ND,ND,ND,0.00021,ND,ND,ND,ND,ND,ND,0.00002,ND,ND,ND,ND,0.00373,Y
十一區,1108,秀厝淨水場,秀厝淨水場(Sioucuo)彰化縣福興鄉秀厝村福三路三段770號[1147031]{1108}<彰化縣@ChanghuaCounty>,0.11,0.05,282,－－,0.00204,0.47,0.15,<5,<1,191,7.9,7.34,44.6,ND,ND,190,0.02,0.012,<1,<1,0.00508,0.0003,ND,ND,ND,ND,ND,ND,ND,0.0001,0.0183,ND,ND,ND,ND,ND,ND,ND,ND,ND,ND,ND,ND,ND,ND,ND,ND,ND,0.00574,ND,ND,ND,ND,0.00005,ND,ND,ND,ND,ND,ND,ND,ND,ND,ND,ND,0.00400,Y
十一區,1111,福興淨水場,福興淨水場(Fusing)彰化縣福興鄉萬豐村福工路1-1號[1151032]{1111}<彰化縣@ChanghuaCounty>,0.14,0.09,250,－－,0.00247,0.51,0.15,<5,<1,178,7.8,7.69,30.9,ND,ND,162,ND,0.003,<1,<1,0.00550,0.0008,ND,ND,ND,ND,<0.01,ND,0.0001,ND,0.0176,ND,ND,ND,ND,ND,ND,ND,ND,ND,ND,ND,ND,ND,ND,ND,ND,ND,0.00623,ND,ND,ND,ND,0.00006,ND,ND,ND,ND,ND,ND,ND,ND,ND,ND,ND,0.00537,Y
十二區,1201,板新淨水場,板新淨水場(Bansin)新北市三峽區中山路551號[1261054]{1201}<新北市@New Taipei City>,0.07,0.67,137,<1,0.00023,0.74,0.15,<5,<1,58.6,7.4,10.7,28.1,0.04,ND,81.5,ND,0.002,<1,<1,0.0194,0.0003,ND,ND,<0.01,ND,<0.01,<0.01,0.0005,ND,0.0156,0.0001,ND,ND,ND,ND,ND,ND,ND,ND,ND,ND,<0.00001,ND,ND,ND,ND,ND,0.113,ND,ND,ND,ND,ND,ND,ND,ND,ND,ND,ND,ND,ND,ND,ND,ND,0.0168,Y